"biceps","bone","caliper1","caliper2","caliper3","calories","chest","comment","dateTime","fat","hip","lbm","muscle","neck","thigh","visceralFat","waist","water","weight"
0.0,3.186614,0.0,0.0,0.0,0.0,0.0,"","2021-07-15 09:51",29.692959,0.0,0.0,59.527264,0.0,0.0,13.150253,0.0,50.199223,89.2
0.0,3.2471688,0.0,0.0,0.0,0.0,0.0,"","2021-07-12 09:53",29.988134,0.0,0.0,59.76351,0.0,0.0,13.249807,0.0,49.98847,90.0
0.0,3.1909678,0.0,0.0,0.0,0.0,0.0,"","2021-07-11 11:00",29.786259,0.0,0.0,59.58012,0.0,0.0,13.17514,0.0,50.13261,89.4
0.0,3.179455,0.0,0.0,0.0,0.0,0.0,"","2021-07-10 12:02",29.706198,0.0,0.0,59.38203,0.0,0.0,13.125364,0.0,50.18977,89.0
0.0,3.2324994,0.0,0.0,0.0,0.0,0.0,"","2021-07-09 09:17",29.96264,0.0,0.0,59.520973,0.0,0.0,13.200029,0.0,50.006676,89.6
0.0,3.2698228,0.0,0.0,0.0,0.0,0.0,"","2021-07-08 08:20",29.97163,0.0,0.0,59.615658,0.0,0.0,13.224918,0.0,50.00025,89.8
0.0,3.1855001,0.0,0.0,0.0,0.0,0.0,"","2021-07-07 09:32",29.358488,0.0,0.0,58.908386,0.0,0.0,12.988478,0.0,50.438034,87.9
0.0,3.270318,0.0,0.0,0.0,0.0,0.0,"","2021-07-03 11:22",29.973024,0.0,0.0,59.75396,0.0,0.0,13.249807,0.0,49.99926,90.0
0.0,3.270318,0.0,0.0,0.0,0.0,0.0,"","2021-07-03 11:22",29.973024,0.0,0.0,59.75396,0.0,0.0,13.249807,0.0,49.99926,90.0
0.0,3.1587405,0.0,0.0,0.0,0.0,0.0,"","2021-06-30 09:54",29.830677,0.0,0.0,59.78314,0.0,0.0,13.212475,0.0,50.100895,89.7
0.0,3.1587405,0.0,0.0,0.0,0.0,0.0,"","2021-06-30 09:54",29.830677,0.0,0.0,59.78314,0.0,0.0,13.212475,0.0,50.100895,89.7
0.0,3.2740939,0.0,0.0,0.0,0.0,0.0,"","2021-06-29 09:57",29.74062,0.0,0.0,59.537796,0.0,0.0,13.17514,0.0,50.1652,89.4
0.0,3.2740939,0.0,0.0,0.0,0.0,0.0,"","2021-06-29 09:57",29.74062,0.0,0.0,59.537796,0.0,0.0,13.17514,0.0,50.1652,89.4
0.0,3.1852317,0.0,0.0,0.0,0.0,0.0,"","2021-06-28 09:31",29.413021,0.0,0.0,59.284245,0.0,0.0,13.063143,0.0,50.399097,88.5
0.0,3.1852317,0.0,0.0,0.0,0.0,0.0,"","2021-06-28 09:31",29.413021,0.0,0.0,59.284245,0.0,0.0,13.063143,0.0,50.399097,88.5
0.0,3.271412,0.0,0.0,0.0,0.0,0.0,"","2021-06-27 09:32",30.19725,0.0,0.0,59.76047,0.0,0.0,13.28714,0.0,49.83916,90.3
0.0,3.271412,0.0,0.0,0.0,0.0,0.0,"","2021-06-27 09:32",30.19725,0.0,0.0,59.76047,0.0,0.0,13.28714,0.0,49.83916,90.3
0.0,3.2670379,0.0,0.0,0.0,0.0,0.0,"","2021-06-26 11:42",29.772068,0.0,0.0,59.306053,0.0,0.0,13.137808,0.0,50.142742,89.1
0.0,3.2670379,0.0,0.0,0.0,0.0,0.0,"","2021-06-26 11:42",29.772068,0.0,0.0,59.306053,0.0,0.0,13.137808,0.0,50.142742,89.1
0.0,3.287711,0.0,0.0,0.0,0.0,0.0,"","2021-06-25 09:58",30.009491,0.0,0.0,59.563766,0.0,0.0,13.224918,0.0,49.97322,89.8
0.0,3.287711,0.0,0.0,0.0,0.0,0.0,"","2021-06-25 09:58",30.009491,0.0,0.0,59.563766,0.0,0.0,13.224918,0.0,49.97322,89.8
0.0,3.1454122,0.0,0.0,0.0,0.0,0.0,"","2021-06-24 09:49",30.073261,0.0,0.0,59.57887,0.0,0.0,13.212475,0.0,49.927692,89.7
0.0,3.1454122,0.0,0.0,0.0,0.0,0.0,"","2021-06-24 09:49",30.073261,0.0,0.0,59.57887,0.0,0.0,13.212475,0.0,49.927692,89.7
0.0,3.2553806,0.0,0.0,0.0,0.0,0.0,"","2021-06-23 09:25",30.155336,0.0,0.0,59.744507,0.0,0.0,13.274694,0.0,49.86909,90.2
0.0,3.2553806,0.0,0.0,0.0,0.0,0.0,"","2021-06-23 09:25",30.155336,0.0,0.0,59.744507,0.0,0.0,13.274694,0.0,49.86909,90.2
0.0,3.2864728,0.0,0.0,0.0,0.0,0.0,"","2021-06-20 11:11",29.758709,0.0,0.0,59.439003,0.0,0.0,13.162697,0.0,50.152275,89.3
0.0,3.2864728,0.0,0.0,0.0,0.0,0.0,"","2021-06-20 11:11",29.758709,0.0,0.0,59.439003,0.0,0.0,13.162697,0.0,50.152275,89.3
0.0,3.1703975,0.0,0.0,0.0,0.0,0.0,"","2021-06-18 10:19",29.656118,0.0,0.0,59.154278,0.0,0.0,13.075588,0.0,50.22553,88.6
0.0,3.1703975,0.0,0.0,0.0,0.0,0.0,"","2021-06-18 10:19",29.656118,0.0,0.0,59.154278,0.0,0.0,13.075588,0.0,50.22553,88.6
0.0,3.256639,0.0,0.0,0.0,0.0,0.0,"","2021-06-16 10:38",30.101467,0.0,0.0,59.652042,0.0,0.0,13.249807,0.0,49.907547,90.0
0.0,3.256639,0.0,0.0,0.0,0.0,0.0,"","2021-06-16 10:38",30.101467,0.0,0.0,59.652042,0.0,0.0,13.249807,0.0,49.907547,90.0
0.0,3.2162006,0.0,0.0,0.0,0.0,0.0,"","2021-06-14 09:28",29.939753,0.0,0.0,59.90808,0.0,0.0,13.262251,0.0,50.023018,90.1
0.0,3.2162006,0.0,0.0,0.0,0.0,0.0,"","2021-06-14 09:28",29.939753,0.0,0.0,59.90808,0.0,0.0,13.262251,0.0,50.023018,90.1
0.0,3.2997398,0.0,0.0,0.0,0.0,0.0,"","2021-06-13 10:41",29.936802,0.0,0.0,59.546947,0.0,0.0,13.212475,0.0,50.025124,89.7
0.0,3.2997398,0.0,0.0,0.0,0.0,0.0,"","2021-06-13 10:41",29.936802,0.0,0.0,59.546947,0.0,0.0,13.212475,0.0,50.025124,89.7
0.0,3.1669931,0.0,0.0,0.0,0.0,0.0,"","2021-06-11 09:57",30.125183,0.0,0.0,59.860092,0.0,0.0,13.274694,0.0,49.890617,90.2
0.0,3.1669931,0.0,0.0,0.0,0.0,0.0,"","2021-06-11 09:57",30.125183,0.0,0.0,59.860092,0.0,0.0,13.274694,0.0,49.890617,90.2
0.0,3.2952623,0.0,0.0,0.0,0.0,0.0,"","2021-06-09 10:10",29.610062,0.0,0.0,59.070225,0.0,0.0,13.075588,0.0,50.258415,88.6
0.0,3.2952623,0.0,0.0,0.0,0.0,0.0,"","2021-06-09 10:10",29.610062,0.0,0.0,59.070225,0.0,0.0,13.075588,0.0,50.258415,88.6
0.0,3.180672,0.0,0.0,0.0,0.0,0.0,"","2021-06-08 09:28",30.110104,0.0,0.0,59.860016,0.0,0.0,13.274694,0.0,49.901382,90.2
0.0,3.180672,0.0,0.0,0.0,0.0,0.0,"","2021-06-08 09:28",30.110104,0.0,0.0,59.860016,0.0,0.0,13.274694,0.0,49.901382,90.2
0.0,3.269658,0.0,0.0,0.0,0.0,0.0,"","2021-06-07 10:31",30.1596,0.0,0.0,59.79623,0.0,0.0,13.28714,0.0,49.866043,90.3
0.0,3.269658,0.0,0.0,0.0,0.0,0.0,"","2021-06-07 10:31",30.1596,0.0,0.0,59.79623,0.0,0.0,13.28714,0.0,49.866043,90.3
0.0,3.1871092,0.0,0.0,0.0,0.0,0.0,"","2021-06-02 09:15",30.499357,0.0,0.0,60.127975,0.0,0.0,13.386694,0.0,49.623455,91.1
0.0,3.1871092,0.0,0.0,0.0,0.0,0.0,"","2021-06-02 09:15",30.499357,0.0,0.0,60.127975,0.0,0.0,13.386694,0.0,49.623455,91.1
0.0,3.2222872,0.0,0.0,0.0,0.0,0.0,"","2021-06-01 09:38",30.555296,0.0,0.0,59.972393,0.0,0.0,13.3742485,0.0,49.583515,91.0
0.0,3.2222872,0.0,0.0,0.0,0.0,0.0,"","2021-06-01 09:38",30.555296,0.0,0.0,59.972393,0.0,0.0,13.3742485,0.0,49.583515,91.0
0.0,3.2606003,0.0,0.0,0.0,0.0,0.0,"","2021-05-31 09:05",30.488783,0.0,0.0,60.41167,0.0,0.0,13.448914,0.0,49.631004,91.6
0.0,3.2606003,0.0,0.0,0.0,0.0,0.0,"","2021-05-31 09:05",30.488783,0.0,0.0,60.41167,0.0,0.0,13.448914,0.0,49.631004,91.6
0.0,3.2343564,0.0,0.0,0.0,0.0,0.0,"","2021-05-30 07:16",30.339163,0.0,0.0,60.296326,0.0,0.0,13.3991375,0.0,49.737835,91.2
0.0,3.2343564,0.0,0.0,0.0,0.0,0.0,"","2021-05-30 07:16",30.339163,0.0,0.0,60.296326,0.0,0.0,13.3991375,0.0,49.737835,91.2
0.0,3.3717659,0.0,0.0,0.0,0.0,0.0,"","2021-05-26 09:22",30.39748,0.0,0.0,59.688118,0.0,0.0,13.324472,0.0,49.6962,90.6
0.0,3.3717659,0.0,0.0,0.0,0.0,0.0,"","2021-05-26 09:22",30.39748,0.0,0.0,59.688118,0.0,0.0,13.324472,0.0,49.6962,90.6
0.0,3.3548267,0.0,0.0,0.0,0.0,0.0,"","2021-05-25 09:12",30.38646,0.0,0.0,59.784653,0.0,0.0,13.336916,0.0,49.704067,90.7
0.0,3.3548267,0.0,0.0,0.0,0.0,0.0,"","2021-05-25 09:12",30.38646,0.0,0.0,59.784653,0.0,0.0,13.336916,0.0,49.704067,90.7
0.0,3.2708135,0.0,0.0,0.0,0.0,0.0,"","2021-05-24 09:27",30.759216,0.0,0.0,60.36147,0.0,0.0,13.486246,0.0,49.43792,91.9
0.0,3.2708135,0.0,0.0,0.0,0.0,0.0,"","2021-05-24 09:27",30.759216,0.0,0.0,60.36147,0.0,0.0,13.486246,0.0,49.43792,91.9
0.0,3.220595,0.0,0.0,0.0,0.0,0.0,"","2021-05-23 09:20",30.42,0.0,0.0,59.818886,0.0,0.0,13.324472,0.0,49.68012,90.6
0.0,3.220595,0.0,0.0,0.0,0.0,0.0,"","2021-05-23 09:20",30.42,0.0,0.0,59.818886,0.0,0.0,13.324472,0.0,49.68012,90.6
0.0,3.298976,0.0,0.0,0.0,0.0,0.0,"","2021-05-20 09:45",30.27938,0.0,0.0,59.5193,0.0,0.0,13.262251,0.0,49.78052,90.1
0.0,3.298976,0.0,0.0,0.0,0.0,0.0,"","2021-05-20 09:45",30.27938,0.0,0.0,59.5193,0.0,0.0,13.262251,0.0,49.78052,90.1
0.0,3.2940655,0.0,0.0,0.0,0.0,0.0,"","2021-05-20 09:44",30.218994,0.0,0.0,59.57862,0.0,0.0,13.262251,0.0,49.823635,90.1
0.0,3.2940655,0.0,0.0,0.0,0.0,0.0,"","2021-05-20 09:44",30.218994,0.0,0.0,59.57862,0.0,0.0,13.262251,0.0,49.823635,90.1
0.0,3.3164513,0.0,0.0,0.0,0.0,0.0,"","2021-05-18 09:59",30.408525,0.0,0.0,59.663834,0.0,0.0,13.312027,0.0,49.688313,90.5
0.0,3.3164513,0.0,0.0,0.0,0.0,0.0,"","2021-05-18 09:59",30.408525,0.0,0.0,59.663834,0.0,0.0,13.312027,0.0,49.688313,90.5
0.0,3.2356768,0.0,0.0,0.0,0.0,0.0,"","2021-05-13 09:24",30.412495,0.0,0.0,59.810604,0.0,0.0,13.324472,0.0,49.68548,90.6
0.0,3.2356768,0.0,0.0,0.0,0.0,0.0,"","2021-05-13 09:24",30.412495,0.0,0.0,59.810604,0.0,0.0,13.324472,0.0,49.68548,90.6
0.0,3.265882,0.0,0.0,0.0,0.0,0.0,"","2021-05-11 09:52",30.476702,0.0,0.0,59.930798,0.0,0.0,13.361805,0.0,49.639633,90.9
0.0,3.265882,0.0,0.0,0.0,0.0,0.0,"","2021-05-11 09:52",30.476702,0.0,0.0,59.930798,0.0,0.0,13.361805,0.0,49.639633,90.9
0.0,3.3637192,0.0,0.0,0.0,0.0,0.0,"","2021-05-10 09:48",30.555588,0.0,0.0,60.24736,0.0,0.0,13.448914,0.0,49.58331,91.6
0.0,3.3637192,0.0,0.0,0.0,0.0,0.0,"","2021-05-10 09:48",30.555588,0.0,0.0,60.24736,0.0,0.0,13.448914,0.0,49.58331,91.6
0.0,3.209165,0.0,0.0,0.0,0.0,0.0,"","2021-05-03 11:15",30.427885,0.0,0.0,59.96232,0.0,0.0,13.349361,0.0,49.674488,90.8
0.0,3.209165,0.0,0.0,0.0,0.0,0.0,"","2021-05-03 11:15",30.427885,0.0,0.0,59.96232,0.0,0.0,13.349361,0.0,49.674488,90.8
0.0,3.235615,0.0,0.0,0.0,0.0,0.0,"","2021-05-01 12:47",29.827236,0.0,0.0,59.428665,0.0,0.0,13.162697,0.0,50.103348,89.3
0.0,3.235615,0.0,0.0,0.0,0.0,0.0,"","2021-05-01 12:47",29.827236,0.0,0.0,59.428665,0.0,0.0,13.162697,0.0,50.103348,89.3
0.0,3.2463646,0.0,0.0,0.0,0.0,0.0,"","2021-04-30 09:56",30.151075,0.0,0.0,59.687515,0.0,0.0,13.262251,0.0,49.872128,90.1
0.0,3.2463646,0.0,0.0,0.0,0.0,0.0,"","2021-04-30 09:56",30.151075,0.0,0.0,59.687515,0.0,0.0,13.262251,0.0,49.872128,90.1
0.0,3.264562,0.0,0.0,0.0,0.0,0.0,"","2021-04-27 09:37",30.009491,0.0,0.0,59.586918,0.0,0.0,13.224918,0.0,49.97322,89.8
0.0,3.264562,0.0,0.0,0.0,0.0,0.0,"","2021-04-27 09:37",30.009491,0.0,0.0,59.586918,0.0,0.0,13.224918,0.0,49.97322,89.8
0.0,3.2623746,0.0,0.0,0.0,0.0,0.0,"","2021-04-24 11:31",30.588913,0.0,0.0,59.832306,0.0,0.0,13.361805,0.0,49.559517,90.9
0.0,3.2623746,0.0,0.0,0.0,0.0,0.0,"","2021-04-24 11:31",30.588913,0.0,0.0,59.832306,0.0,0.0,13.361805,0.0,49.559517,90.9
0.0,3.2469625,0.0,0.0,0.0,0.0,0.0,"","2021-04-23 10:02",30.283499,0.0,0.0,59.637318,0.0,0.0,13.274694,0.0,49.777576,90.2
0.0,3.2469625,0.0,0.0,0.0,0.0,0.0,"","2021-04-23 10:02",30.283499,0.0,0.0,59.637318,0.0,0.0,13.274694,0.0,49.777576,90.2
0.0,3.2270734,0.0,0.0,0.0,0.0,0.0,"","2021-04-21 10:59",30.4756,0.0,0.0,59.414413,0.0,0.0,13.262251,0.0,49.64042,90.1
0.0,3.2270734,0.0,0.0,0.0,0.0,0.0,"","2021-04-21 10:59",30.4756,0.0,0.0,59.414413,0.0,0.0,13.262251,0.0,49.64042,90.1
0.0,3.1893582,0.0,0.0,0.0,0.0,0.0,"","2021-04-18 12:22",30.023348,0.0,0.0,59.509724,0.0,0.0,13.200029,0.0,49.96333,89.6
0.0,3.1893582,0.0,0.0,0.0,0.0,0.0,"","2021-04-18 12:22",30.023348,0.0,0.0,59.509724,0.0,0.0,13.200029,0.0,49.96333,89.6
0.0,3.2985427,0.0,0.0,0.0,0.0,0.0,"","2021-04-17 11:29",29.98851,0.0,0.0,59.361744,0.0,0.0,13.187586,0.0,49.9882,89.5
0.0,3.2985427,0.0,0.0,0.0,0.0,0.0,"","2021-04-17 11:29",29.98851,0.0,0.0,59.361744,0.0,0.0,13.187586,0.0,49.9882,89.5
0.0,3.2289507,0.0,0.0,0.0,0.0,0.0,"","2021-04-16 09:55",29.895771,0.0,0.0,59.37413,0.0,0.0,13.162697,0.0,50.05442,89.3
0.0,3.2289507,0.0,0.0,0.0,0.0,0.0,"","2021-04-16 09:55",29.895771,0.0,0.0,59.37413,0.0,0.0,13.162697,0.0,50.05442,89.3
0.0,3.2274036,0.0,0.0,0.0,0.0,0.0,"","2021-04-15 09:37",29.871284,0.0,0.0,59.25728,0.0,0.0,13.137808,0.0,50.0719,89.1
0.0,3.2274036,0.0,0.0,0.0,0.0,0.0,"","2021-04-15 09:37",29.871284,0.0,0.0,59.25728,0.0,0.0,13.137808,0.0,50.0719,89.1
0.0,3.2025833,0.0,0.0,0.0,0.0,0.0,"","2021-04-14 09:36",30.171812,0.0,0.0,59.4333,0.0,0.0,13.212475,0.0,49.857323,89.7
0.0,3.2025833,0.0,0.0,0.0,0.0,0.0,"","2021-04-14 09:36",30.171812,0.0,0.0,59.4333,0.0,0.0,13.212475,0.0,49.857323,89.7
0.0,3.2682142,0.0,0.0,0.0,0.0,0.0,"","2021-04-13 09:56",29.541243,0.0,0.0,58.946873,0.0,0.0,13.038256,0.0,50.307552,88.3
0.0,3.2682142,0.0,0.0,0.0,0.0,0.0,"","2021-04-13 09:56",29.541243,0.0,0.0,58.946873,0.0,0.0,13.038256,0.0,50.307552,88.3
0.0,3.3219395,0.0,0.0,0.0,0.0,0.0,"","2021-04-12 09:36",30.144775,0.0,0.0,59.26834,0.0,0.0,13.200029,0.0,49.87663,89.6
0.0,3.3219395,0.0,0.0,0.0,0.0,0.0,"","2021-04-12 09:36",30.144775,0.0,0.0,59.26834,0.0,0.0,13.200029,0.0,49.87663,89.6
0.0,3.2665837,0.0,0.0,0.0,0.0,0.0,"","2021-04-10 14:42",30.618835,0.0,0.0,59.8009,0.0,0.0,13.361805,0.0,49.53815,90.9
0.0,3.2665837,0.0,0.0,0.0,0.0,0.0,"","2021-04-10 14:42",30.618835,0.0,0.0,59.8009,0.0,0.0,13.361805,0.0,49.53815,90.9
0.0,3.4009602,0.0,0.0,0.0,0.0,0.0,"","2021-04-09 21:42",31.365036,0.0,0.0,60.36092,0.0,0.0,13.610689,0.0,49.005363,92.9
0.0,3.2276926,0.0,0.0,0.0,0.0,0.0,"","2021-04-09 21:42",31.350391,0.0,0.0,60.547794,0.0,0.0,13.610689,0.0,49.015823,92.9
0.0,3.4009602,0.0,0.0,0.0,0.0,0.0,"","2021-04-09 21:42",31.365036,0.0,0.0,60.36092,0.0,0.0,13.610689,0.0,49.005363,92.9
0.0,0.0,0.0,0.0,0.0,0.0,0.0,"","2017-03-26 00:00",0.0,0.0,0.0,0.0,0.0,0.0,0.0,0.0,0.0,74.8
0.0,0.0,0.0,0.0,0.0,0.0,0.0,"","2016-10-29 00:00",0.0,0.0,0.0,0.0,0.0,0.0,0.0,0.0,0.0,73.1
0.0,0.0,0.0,0.0,0.0,0.0,0.0,"","2016-10-28 00:00",0.0,0.0,0.0,0.0,0.0,0.0,0.0,0.0,0.0,71.3
0.0,0.0,0.0,0.0,0.0,0.0,0.0,"","2016-10-27 00:00",0.0,0.0,0.0,0.0,0.0,0.0,0.0,0.0,0.0,73.0
0.0,0.0,0.0,0.0,0.0,0.0,0.0,"","2016-10-20 00:00",0.0,0.0,0.0,0.0,0.0,0.0,0.0,0.0,0.0,72.7
0.0,0.0,0.0,0.0,0.0,0.0,0.0,"","2016-10-19 00:00",0.0,0.0,0.0,0.0,0.0,0.0,0.0,0.0,0.0,73.2
0.0,0.0,0.0,0.0,0.0,0.0,0.0,"","2016-10-18 00:00",0.0,0.0,0.0,0.0,0.0,0.0,0.0,0.0,0.0,73.1
0.0,0.0,0.0,0.0,0.0,0.0,0.0,"","2016-10-17 00:00",0.0,0.0,0.0,0.0,0.0,0.0,0.0,0.0,0.0,73.0
0.0,0.0,0.0,0.0,0.0,0.0,0.0,"","2016-10-16 00:00",0.0,0.0,0.0,0.0,0.0,0.0,0.0,0.0,0.0,73.6
0.0,0.0,0.0,0.0,0.0,0.0,0.0,"","2016-10-14 00:00",0.0,0.0,0.0,0.0,0.0,0.0,0.0,0.0,0.0,71.9
0.0,0.0,0.0,0.0,0.0,0.0,0.0,"","2016-10-11 00:00",0.0,0.0,0.0,0.0,0.0,0.0,0.0,0.0,0.0,72.9
0.0,0.0,0.0,0.0,0.0,0.0,0.0,"","2016-10-10 00:00",0.0,0.0,0.0,0.0,0.0,0.0,0.0,0.0,0.0,73.0
0.0,0.0,0.0,0.0,0.0,0.0,0.0,"","2016-10-09 00:00",0.0,0.0,0.0,0.0,0.0,0.0,0.0,0.0,0.0,73.2
0.0,0.0,0.0,0.0,0.0,0.0,0.0,"","2016-10-07 00:00",0.0,0.0,0.0,0.0,0.0,0.0,0.0,0.0,0.0,71.3
0.0,0.0,0.0,0.0,0.0,0.0,0.0,"","2016-10-05 00:00",0.0,0.0,0.0,0.0,0.0,0.0,0.0,0.0,0.0,72.5
0.0,0.0,0.0,0.0,0.0,0.0,0.0,"","2016-10-04 00:00",0.0,0.0,0.0,0.0,0.0,0.0,0.0,0.0,0.0,72.8
0.0,0.0,0.0,0.0,0.0,0.0,0.0,"","2016-10-03 00:00",0.0,0.0,0.0,0.0,0.0,0.0,0.0,0.0,0.0,73.1
0.0,0.0,0.0,0.0,0.0,0.0,0.0,"","2016-10-01 00:00",0.0,0.0,0.0,0.0,0.0,0.0,0.0,0.0,0.0,72.8
0.0,0.0,0.0,0.0,0.0,0.0,0.0,"","2016-09-30 00:00",0.0,0.0,0.0,0.0,0.0,0.0,0.0,0.0,0.0,71.9
0.0,0.0,0.0,0.0,0.0,0.0,0.0,"","2016-09-29 00:00",0.0,0.0,0.0,0.0,0.0,0.0,0.0,0.0,0.0,72.4
0.0,0.0,0.0,0.0,0.0,0.0,0.0,"","2016-09-27 00:00",0.0,0.0,0.0,0.0,0.0,0.0,0.0,0.0,0.0,73.1
0.0,0.0,0.0,0.0,0.0,0.0,0.0,"","2016-09-26 00:00",0.0,0.0,0.0,0.0,0.0,0.0,0.0,0.0,0.0,72.9
0.0,0.0,0.0,0.0,0.0,0.0,0.0,"","2016-09-23 00:00",0.0,0.0,0.0,0.0,0.0,0.0,0.0,0.0,0.0,72.7
0.0,0.0,0.0,0.0,0.0,0.0,0.0,"","2016-09-22 00:00",0.0,0.0,0.0,0.0,0.0,0.0,0.0,0.0,0.0,73.3
0.0,0.0,0.0,0.0,0.0,0.0,0.0,"","2016-09-21 00:00",0.0,0.0,0.0,0.0,0.0,0.0,0.0,0.0,0.0,71.4
0.0,0.0,0.0,0.0,0.0,0.0,0.0,"","2016-09-20 00:00",0.0,0.0,0.0,0.0,0.0,0.0,0.0,0.0,0.0,72.6
0.0,0.0,0.0,0.0,0.0,0.0,0.0,"","2016-09-19 00:00",0.0,0.0,0.0,0.0,0.0,0.0,0.0,0.0,0.0,72.9
0.0,0.0,0.0,0.0,0.0,0.0,0.0,"","2016-09-18 00:00",0.0,0.0,0.0,0.0,0.0,0.0,0.0,0.0,0.0,73.7
0.0,0.0,0.0,0.0,0.0,0.0,0.0,"","2016-09-10 00:00",0.0,0.0,0.0,0.0,0.0,0.0,0.0,0.0,0.0,73.1
0.0,0.0,0.0,0.0,0.0,0.0,0.0,"","2016-09-09 00:00",0.0,0.0,0.0,0.0,0.0,0.0,0.0,0.0,0.0,72.8
0.0,0.0,0.0,0.0,0.0,0.0,0.0,"","2016-09-08 00:00",0.0,0.0,0.0,0.0,0.0,0.0,0.0,0.0,0.0,72.6
0.0,0.0,0.0,0.0,0.0,0.0,0.0,"","2016-09-07 00:00",0.0,0.0,0.0,0.0,0.0,0.0,0.0,0.0,0.0,72.3
0.0,0.0,0.0,0.0,0.0,0.0,0.0,"","2016-09-06 00:00",0.0,0.0,0.0,0.0,0.0,0.0,0.0,0.0,0.0,72.9
0.0,0.0,0.0,0.0,0.0,0.0,0.0,"","2016-09-05 00:00",0.0,0.0,0.0,0.0,0.0,0.0,0.0,0.0,0.0,73.3
0.0,0.0,0.0,0.0,0.0,0.0,0.0,"","2016-09-01 00:00",0.0,0.0,0.0,0.0,0.0,0.0,0.0,0.0,0.0,72.7
0.0,0.0,0.0,0.0,0.0,0.0,0.0,"","2016-08-31 00:00",0.0,0.0,0.0,0.0,0.0,0.0,0.0,0.0,0.0,72.7
0.0,0.0,0.0,0.0,0.0,0.0,0.0,"","2016-08-30 00:00",0.0,0.0,0.0,0.0,0.0,0.0,0.0,0.0,0.0,73.3
0.0,0.0,0.0,0.0,0.0,0.0,0.0,"","2016-08-29 00:00",0.0,0.0,0.0,0.0,0.0,0.0,0.0,0.0,0.0,73.2
0.0,0.0,0.0,0.0,0.0,0.0,0.0,"","2016-08-28 00:00",0.0,0.0,0.0,0.0,0.0,0.0,0.0,0.0,0.0,73.8
0.0,0.0,0.0,0.0,0.0,0.0,0.0,"","2016-08-27 00:00",0.0,0.0,0.0,0.0,0.0,0.0,0.0,0.0,0.0,73.4
0.0,0.0,0.0,0.0,0.0,0.0,0.0,"","2016-08-26 00:00",0.0,0.0,0.0,0.0,0.0,0.0,0.0,0.0,0.0,72.2
0.0,0.0,0.0,0.0,0.0,0.0,0.0,"","2016-08-25 00:00",0.0,0.0,0.0,0.0,0.0,0.0,0.0,0.0,0.0,72.8
0.0,0.0,0.0,0.0,0.0,0.0,0.0,"","2016-08-24 00:00",0.0,0.0,0.0,0.0,0.0,0.0,0.0,0.0,0.0,72.6
0.0,0.0,0.0,0.0,0.0,0.0,0.0,"","2016-08-23 00:00",0.0,0.0,0.0,0.0,0.0,0.0,0.0,0.0,0.0,73.0
0.0,0.0,0.0,0.0,0.0,0.0,0.0,"","2016-08-22 00:00",0.0,0.0,0.0,0.0,0.0,0.0,0.0,0.0,0.0,74.1
0.0,0.0,0.0,0.0,0.0,0.0,0.0,"","2016-08-19 00:00",0.0,0.0,0.0,0.0,0.0,0.0,0.0,0.0,0.0,72.6
0.0,0.0,0.0,0.0,0.0,0.0,0.0,"","2016-08-18 00:00",0.0,0.0,0.0,0.0,0.0,0.0,0.0,0.0,0.0,73.0
0.0,0.0,0.0,0.0,0.0,0.0,0.0,"","2016-08-17 00:00",0.0,0.0,0.0,0.0,0.0,0.0,0.0,0.0,0.0,72.7
0.0,0.0,0.0,0.0,0.0,0.0,0.0,"","2016-08-16 00:00",0.0,0.0,0.0,0.0,0.0,0.0,0.0,0.0,0.0,73.2
0.0,0.0,0.0,0.0,0.0,0.0,0.0,"","2016-08-15 00:00",0.0,0.0,0.0,0.0,0.0,0.0,0.0,0.0,0.0,73.4
0.0,0.0,0.0,0.0,0.0,0.0,0.0,"","2016-08-14 00:00",0.0,0.0,0.0,0.0,0.0,0.0,0.0,0.0,0.0,74.0
0.0,0.0,0.0,0.0,0.0,0.0,0.0,"","2016-08-13 00:00",0.0,0.0,0.0,0.0,0.0,0.0,0.0,0.0,0.0,73.5
0.0,0.0,0.0,0.0,0.0,0.0,0.0,"","2016-08-12 00:00",0.0,0.0,0.0,0.0,0.0,0.0,0.0,0.0,0.0,72.8
0.0,0.0,0.0,0.0,0.0,0.0,0.0,"","2016-08-11 00:00",0.0,0.0,0.0,0.0,0.0,0.0,0.0,0.0,0.0,73.4
0.0,0.0,0.0,0.0,0.0,0.0,0.0,"","2016-08-10 00:00",0.0,0.0,0.0,0.0,0.0,0.0,0.0,0.0,0.0,72.0
0.0,0.0,0.0,0.0,0.0,0.0,0.0,"","2016-08-09 00:00",0.0,0.0,0.0,0.0,0.0,0.0,0.0,0.0,0.0,73.5
0.0,0.0,0.0,0.0,0.0,0.0,0.0,"","2016-08-08 00:00",0.0,0.0,0.0,0.0,0.0,0.0,0.0,0.0,0.0,74.0
0.0,0.0,0.0,0.0,0.0,0.0,0.0,"","2016-08-07 00:00",0.0,0.0,0.0,0.0,0.0,0.0,0.0,0.0,0.0,73.1
0.0,0.0,0.0,0.0,0.0,0.0,0.0,"","2016-08-06 00:00",0.0,0.0,0.0,0.0,0.0,0.0,0.0,0.0,0.0,73.7
0.0,0.0,0.0,0.0,0.0,0.0,0.0,"","2016-08-04 00:00",0.0,0.0,0.0,0.0,0.0,0.0,0.0,0.0,0.0,74.2
0.0,0.0,0.0,0.0,0.0,0.0,0.0,"","2016-08-03 00:00",0.0,0.0,0.0,0.0,0.0,0.0,0.0,0.0,0.0,74.0
0.0,0.0,0.0,0.0,0.0,0.0,0.0,"","2016-08-02 00:00",0.0,0.0,0.0,0.0,0.0,0.0,0.0,0.0,0.0,74.7
0.0,0.0,0.0,0.0,0.0,0.0,0.0,"","2016-08-01 00:00",0.0,0.0,0.0,0.0,0.0,0.0,0.0,0.0,0.0,74.9
0.0,0.0,0.0,0.0,0.0,0.0,0.0,"","2016-07-31 00:00",0.0,0.0,0.0,0.0,0.0,0.0,0.0,0.0,0.0,75.2
0.0,0.0,0.0,0.0,0.0,0.0,0.0,"","2016-07-22 00:00",0.0,0.0,0.0,0.0,0.0,0.0,0.0,0.0,0.0,74.6
0.0,0.0,0.0,0.0,0.0,0.0,0.0,"","2016-07-20 00:00",0.0,0.0,0.0,0.0,0.0,0.0,0.0,0.0,0.0,75.3
0.0,0.0,0.0,0.0,0.0,0.0,0.0,"","2016-07-19 00:00",0.0,0.0,0.0,0.0,0.0,0.0,0.0,0.0,0.0,74.9
0.0,0.0,0.0,0.0,0.0,0.0,0.0,"","2016-07-18 00:00",0.0,0.0,0.0,0.0,0.0,0.0,0.0,0.0,0.0,75.5
0.0,0.0,0.0,0.0,0.0,0.0,0.0,"","2016-07-17 00:00",0.0,0.0,0.0,0.0,0.0,0.0,0.0,0.0,0.0,74.5
0.0,0.0,0.0,0.0,0.0,0.0,0.0,"","2016-07-15 00:00",0.0,0.0,0.0,0.0,0.0,0.0,0.0,0.0,0.0,75.1
0.0,0.0,0.0,0.0,0.0,0.0,0.0,"","2016-07-14 00:00",0.0,0.0,0.0,0.0,0.0,0.0,0.0,0.0,0.0,75.4
0.0,0.0,0.0,0.0,0.0,0.0,0.0,"","2016-07-13 00:00",0.0,0.0,0.0,0.0,0.0,0.0,0.0,0.0,0.0,74.8
0.0,0.0,0.0,0.0,0.0,0.0,0.0,"","2016-07-12 00:00",0.0,0.0,0.0,0.0,0.0,0.0,0.0,0.0,0.0,75.1
0.0,0.0,0.0,0.0,0.0,0.0,0.0,"","2016-07-11 00:00",0.0,0.0,0.0,0.0,0.0,0.0,0.0,0.0,0.0,75.2
0.0,0.0,0.0,0.0,0.0,0.0,0.0,"","2016-07-10 00:00",0.0,0.0,0.0,0.0,0.0,0.0,0.0,0.0,0.0,74.6
0.0,0.0,0.0,0.0,0.0,0.0,0.0,"","2016-07-08 00:00",0.0,0.0,0.0,0.0,0.0,0.0,0.0,0.0,0.0,73.6
0.0,0.0,0.0,0.0,0.0,0.0,0.0,"","2016-07-07 00:00",0.0,0.0,0.0,0.0,0.0,0.0,0.0,0.0,0.0,74.3
0.0,0.0,0.0,0.0,0.0,0.0,0.0,"","2016-07-06 00:00",0.0,0.0,0.0,0.0,0.0,0.0,0.0,0.0,0.0,74.5
0.0,0.0,0.0,0.0,0.0,0.0,0.0,"","2016-07-05 00:00",0.0,0.0,0.0,0.0,0.0,0.0,0.0,0.0,0.0,75.1
0.0,0.0,0.0,0.0,0.0,0.0,0.0,"","2016-07-04 00:00",0.0,0.0,0.0,0.0,0.0,0.0,0.0,0.0,0.0,74.5
0.0,0.0,0.0,0.0,0.0,0.0,0.0,"","2016-07-01 00:00",0.0,0.0,0.0,0.0,0.0,0.0,0.0,0.0,0.0,74.5
0.0,0.0,0.0,0.0,0.0,0.0,0.0,"","2016-06-30 00:00",0.0,0.0,0.0,0.0,0.0,0.0,0.0,0.0,0.0,74.7
0.0,0.0,0.0,0.0,0.0,0.0,0.0,"","2016-06-29 00:00",0.0,0.0,0.0,0.0,0.0,0.0,0.0,0.0,0.0,75.1
0.0,0.0,0.0,0.0,0.0,0.0,0.0,"","2016-06-28 00:00",0.0,0.0,0.0,0.0,0.0,0.0,0.0,0.0,0.0,74.5
0.0,0.0,0.0,0.0,0.0,0.0,0.0,"","2016-06-27 00:00",0.0,0.0,0.0,0.0,0.0,0.0,0.0,0.0,0.0,74.8
0.0,0.0,0.0,0.0,0.0,0.0,0.0,"","2016-06-26 00:00",0.0,0.0,0.0,0.0,0.0,0.0,0.0,0.0,0.0,74.9
0.0,0.0,0.0,0.0,0.0,0.0,0.0,"","2016-06-25 00:00",0.0,0.0,0.0,0.0,0.0,0.0,0.0,0.0,0.0,74.5
0.0,0.0,0.0,0.0,0.0,0.0,0.0,"","2016-06-07 00:00",0.0,0.0,0.0,0.0,0.0,0.0,0.0,0.0,0.0,75.7
0.0,0.0,0.0,0.0,0.0,0.0,0.0,"","2016-06-02 00:00",0.0,0.0,0.0,0.0,0.0,0.0,0.0,0.0,0.0,76.0
0.0,0.0,0.0,0.0,0.0,0.0,0.0,"","2016-06-01 00:00",0.0,0.0,0.0,0.0,0.0,0.0,0.0,0.0,0.0,75.9
0.0,0.0,0.0,0.0,0.0,0.0,0.0,"","2016-05-31 00:00",0.0,0.0,0.0,0.0,0.0,0.0,0.0,0.0,0.0,76.4
0.0,0.0,0.0,0.0,0.0,0.0,0.0,"","2016-05-30 00:00",0.0,0.0,0.0,0.0,0.0,0.0,0.0,0.0,0.0,76.0
0.0,0.0,0.0,0.0,0.0,0.0,0.0,"","2016-05-28 00:00",0.0,0.0,0.0,0.0,0.0,0.0,0.0,0.0,0.0,76.3
0.0,0.0,0.0,0.0,0.0,0.0,0.0,"","2016-05-27 00:00",0.0,0.0,0.0,0.0,0.0,0.0,0.0,0.0,0.0,76.2
0.0,0.0,0.0,0.0,0.0,0.0,0.0,"","2016-05-26 00:00",0.0,0.0,0.0,0.0,0.0,0.0,0.0,0.0,0.0,75.8
0.0,0.0,0.0,0.0,0.0,0.0,0.0,"","2016-05-25 00:00",0.0,0.0,0.0,0.0,0.0,0.0,0.0,0.0,0.0,76.6
0.0,0.0,0.0,0.0,0.0,0.0,0.0,"","2016-05-23 00:00",0.0,0.0,0.0,0.0,0.0,0.0,0.0,0.0,0.0,77.4
0.0,0.0,0.0,0.0,0.0,0.0,0.0,"","2016-05-21 00:00",0.0,0.0,0.0,0.0,0.0,0.0,0.0,0.0,0.0,76.5
0.0,0.0,0.0,0.0,0.0,0.0,0.0,"","2016-05-19 00:00",0.0,0.0,0.0,0.0,0.0,0.0,0.0,0.0,0.0,76.5
0.0,0.0,0.0,0.0,0.0,0.0,0.0,"","2016-05-18 00:00",0.0,0.0,0.0,0.0,0.0,0.0,0.0,0.0,0.0,76.9
0.0,0.0,0.0,0.0,0.0,0.0,0.0,"","2016-05-17 00:00",0.0,0.0,0.0,0.0,0.0,0.0,0.0,0.0,0.0,76.8
0.0,0.0,0.0,0.0,0.0,0.0,0.0,"","2016-05-16 00:00",0.0,0.0,0.0,0.0,0.0,0.0,0.0,0.0,0.0,77.34
0.0,0.0,0.0,0.0,0.0,0.0,0.0,"","2016-05-14 00:00",0.0,0.0,0.0,0.0,0.0,0.0,0.0,0.0,0.0,77.4
0.0,0.0,0.0,0.0,0.0,0.0,0.0,"","2016-05-13 00:00",0.0,0.0,0.0,0.0,0.0,0.0,0.0,0.0,0.0,76.4
0.0,0.0,0.0,0.0,0.0,0.0,0.0,"","2016-05-12 00:00",0.0,0.0,0.0,0.0,0.0,0.0,0.0,0.0,0.0,77.2
0.0,0.0,0.0,0.0,0.0,0.0,0.0,"","2016-05-09 00:00",0.0,0.0,0.0,0.0,0.0,0.0,0.0,0.0,0.0,76.9
0.0,0.0,0.0,0.0,0.0,0.0,0.0,"","2016-05-06 00:00",0.0,0.0,0.0,0.0,0.0,0.0,0.0,0.0,0.0,76.9
0.0,0.0,0.0,0.0,0.0,0.0,0.0,"","2016-05-04 00:00",0.0,0.0,0.0,0.0,0.0,0.0,0.0,0.0,0.0,77.0
0.0,0.0,0.0,0.0,0.0,0.0,0.0,"","2016-05-03 00:00",0.0,0.0,0.0,0.0,0.0,0.0,0.0,0.0,0.0,76.3
0.0,0.0,0.0,0.0,0.0,0.0,0.0,"","2016-04-29 00:00",0.0,0.0,0.0,0.0,0.0,0.0,0.0,0.0,0.0,75.2
0.0,0.0,0.0,0.0,0.0,0.0,0.0,"","2016-04-28 00:00",0.0,0.0,0.0,0.0,0.0,0.0,0.0,0.0,0.0,77.2
0.0,0.0,0.0,0.0,0.0,0.0,0.0,"","2016-04-27 00:00",0.0,0.0,0.0,0.0,0.0,0.0,0.0,0.0,0.0,77.2
0.0,0.0,0.0,0.0,0.0,0.0,0.0,"","2016-04-26 00:00",0.0,0.0,0.0,0.0,0.0,0.0,0.0,0.0,0.0,77.1
0.0,0.0,0.0,0.0,0.0,0.0,0.0,"","2016-04-25 00:00",0.0,0.0,0.0,0.0,0.0,0.0,0.0,0.0,0.0,76.2
0.0,0.0,0.0,0.0,0.0,0.0,0.0,"","2016-04-22 00:00",0.0,0.0,0.0,0.0,0.0,0.0,0.0,0.0,0.0,76.4
0.0,0.0,0.0,0.0,0.0,0.0,0.0,"","2016-04-21 00:00",0.0,0.0,0.0,0.0,0.0,0.0,0.0,0.0,0.0,77.2
0.0,0.0,0.0,0.0,0.0,0.0,0.0,"","2016-04-20 00:00",0.0,0.0,0.0,0.0,0.0,0.0,0.0,0.0,0.0,76.8
0.0,0.0,0.0,0.0,0.0,0.0,0.0,"","2016-04-19 00:00",0.0,0.0,0.0,0.0,0.0,0.0,0.0,0.0,0.0,77.4
0.0,0.0,0.0,0.0,0.0,0.0,0.0,"","2016-04-14 00:00",0.0,0.0,0.0,0.0,0.0,0.0,0.0,0.0,0.0,77.2
0.0,0.0,0.0,0.0,0.0,0.0,0.0,"","2016-04-13 00:00",0.0,0.0,0.0,0.0,0.0,0.0,0.0,0.0,0.0,76.0
0.0,0.0,0.0,0.0,0.0,0.0,0.0,"","2016-04-12 00:00",0.0,0.0,0.0,0.0,0.0,0.0,0.0,0.0,0.0,77.0
0.0,0.0,0.0,0.0,0.0,0.0,0.0,"","2016-04-11 00:00",0.0,0.0,0.0,0.0,0.0,0.0,0.0,0.0,0.0,76.0
0.0,0.0,0.0,0.0,0.0,0.0,0.0,"","2016-04-10 00:00",0.0,0.0,0.0,0.0,0.0,0.0,0.0,0.0,0.0,77.1
0.0,0.0,0.0,0.0,0.0,0.0,0.0,"","2016-04-09 00:00",0.0,0.0,0.0,0.0,0.0,0.0,0.0,0.0,0.0,76.8
0.0,0.0,0.0,0.0,0.0,0.0,0.0,"","2016-04-08 00:00",0.0,0.0,0.0,0.0,0.0,0.0,0.0,0.0,0.0,76.4
0.0,0.0,0.0,0.0,0.0,0.0,0.0,"","2016-04-07 00:00",0.0,0.0,0.0,0.0,0.0,0.0,0.0,0.0,0.0,75.8
0.0,0.0,0.0,0.0,0.0,0.0,0.0,"","2016-04-06 00:00",0.0,0.0,0.0,0.0,0.0,0.0,0.0,0.0,0.0,76.7
0.0,0.0,0.0,0.0,0.0,0.0,0.0,"","2016-04-04 00:00",0.0,0.0,0.0,0.0,0.0,0.0,0.0,0.0,0.0,76.4
0.0,0.0,0.0,0.0,0.0,0.0,0.0,"","2016-04-01 00:00",0.0,0.0,0.0,0.0,0.0,0.0,0.0,0.0,0.0,76.7
0.0,0.0,0.0,0.0,0.0,0.0,0.0,"","2016-03-31 00:00",0.0,0.0,0.0,0.0,0.0,0.0,0.0,0.0,0.0,76.6
0.0,0.0,0.0,0.0,0.0,0.0,0.0,"","2016-03-30 00:00",0.0,0.0,0.0,0.0,0.0,0.0,0.0,0.0,0.0,77.5
0.0,0.0,0.0,0.0,0.0,0.0,0.0,"","2016-03-29 00:00",0.0,0.0,0.0,0.0,0.0,0.0,0.0,0.0,0.0,76.5
0.0,0.0,0.0,0.0,0.0,0.0,0.0,"","2016-03-28 00:00",0.0,0.0,0.0,0.0,0.0,0.0,0.0,0.0,0.0,75.7
0.0,0.0,0.0,0.0,0.0,0.0,0.0,"","2016-03-27 00:00",0.0,0.0,0.0,0.0,0.0,0.0,0.0,0.0,0.0,76.4
0.0,0.0,0.0,0.0,0.0,0.0,0.0,"","2016-03-26 00:00",0.0,0.0,0.0,0.0,0.0,0.0,0.0,0.0,0.0,76.4
0.0,0.0,0.0,0.0,0.0,0.0,0.0,"","2016-03-25 00:00",0.0,0.0,0.0,0.0,0.0,0.0,0.0,0.0,0.0,77.4
0.0,0.0,0.0,0.0,0.0,0.0,0.0,"","2016-03-24 00:00",0.0,0.0,0.0,0.0,0.0,0.0,0.0,0.0,0.0,76.7
0.0,0.0,0.0,0.0,0.0,0.0,0.0,"","2016-03-23 00:00",0.0,0.0,0.0,0.0,0.0,0.0,0.0,0.0,0.0,75.9
0.0,0.0,0.0,0.0,0.0,0.0,0.0,"","2016-03-22 00:00",0.0,0.0,0.0,0.0,0.0,0.0,0.0,0.0,0.0,77.2
0.0,0.0,0.0,0.0,0.0,0.0,0.0,"","2016-03-21 00:00",0.0,0.0,0.0,0.0,0.0,0.0,0.0,0.0,0.0,77.2
0.0,0.0,0.0,0.0,0.0,0.0,0.0,"","2016-03-20 00:00",0.0,0.0,0.0,0.0,0.0,0.0,0.0,0.0,0.0,77.2
0.0,0.0,0.0,0.0,0.0,0.0,0.0,"","2016-03-19 00:00",0.0,0.0,0.0,0.0,0.0,0.0,0.0,0.0,0.0,76.5
0.0,0.0,0.0,0.0,0.0,0.0,0.0,"","2016-03-18 00:00",0.0,0.0,0.0,0.0,0.0,0.0,0.0,0.0,0.0,75.7
0.0,0.0,0.0,0.0,0.0,0.0,0.0,"","2016-03-16 00:00",0.0,0.0,0.0,0.0,0.0,0.0,0.0,0.0,0.0,76.1
0.0,0.0,0.0,0.0,0.0,0.0,0.0,"","2016-03-15 00:00",0.0,0.0,0.0,0.0,0.0,0.0,0.0,0.0,0.0,75.9
0.0,0.0,0.0,0.0,0.0,0.0,0.0,"","2016-03-14 00:00",0.0,0.0,0.0,0.0,0.0,0.0,0.0,0.0,0.0,76.0
0.0,0.0,0.0,0.0,0.0,0.0,0.0,"","2016-03-13 00:00",0.0,0.0,0.0,0.0,0.0,0.0,0.0,0.0,0.0,75.7
0.0,0.0,0.0,0.0,0.0,0.0,0.0,"","2016-03-11 00:00",0.0,0.0,0.0,0.0,0.0,0.0,0.0,0.0,0.0,76.0
0.0,0.0,0.0,0.0,0.0,0.0,0.0,"","2016-03-10 00:00",0.0,0.0,0.0,0.0,0.0,0.0,0.0,0.0,0.0,75.7
0.0,0.0,0.0,0.0,0.0,0.0,0.0,"","2016-03-09 00:00",0.0,0.0,0.0,0.0,0.0,0.0,0.0,0.0,0.0,76.1
0.0,0.0,0.0,0.0,0.0,0.0,0.0,"","2016-03-08 00:00",0.0,0.0,0.0,0.0,0.0,0.0,0.0,0.0,0.0,77.3
0.0,0.0,0.0,0.0,0.0,0.0,0.0,"","2016-03-05 00:00",0.0,0.0,0.0,0.0,0.0,0.0,0.0,0.0,0.0,75.9
0.0,0.0,0.0,0.0,0.0,0.0,0.0,"","2016-03-04 00:00",0.0,0.0,0.0,0.0,0.0,0.0,0.0,0.0,0.0,75.8
0.0,0.0,0.0,0.0,0.0,0.0,0.0,"","2016-03-02 00:00",0.0,0.0,0.0,0.0,0.0,0.0,0.0,0.0,0.0,77.2
0.0,0.0,0.0,0.0,0.0,0.0,0.0,"","2016-03-01 00:00",0.0,0.0,0.0,0.0,0.0,0.0,0.0,0.0,0.0,77.1
0.0,0.0,0.0,0.0,0.0,0.0,0.0,"","2016-02-29 00:00",0.0,0.0,0.0,0.0,0.0,0.0,0.0,0.0,0.0,75.4
0.0,0.0,0.0,0.0,0.0,0.0,0.0,"","2016-02-26 00:00",0.0,0.0,0.0,0.0,0.0,0.0,0.0,0.0,0.0,76.8
0.0,0.0,0.0,0.0,0.0,0.0,0.0,"","2016-02-25 00:00",0.0,0.0,0.0,0.0,0.0,0.0,0.0,0.0,0.0,77.1
0.0,0.0,0.0,0.0,0.0,0.0,0.0,"","2016-02-24 00:00",0.0,0.0,0.0,0.0,0.0,0.0,0.0,0.0,0.0,77.1
0.0,0.0,0.0,0.0,0.0,0.0,0.0,"","2016-02-23 00:00",0.0,0.0,0.0,0.0,0.0,0.0,0.0,0.0,0.0,77.3
0.0,0.0,0.0,0.0,0.0,0.0,0.0,"","2016-02-22 00:00",0.0,0.0,0.0,0.0,0.0,0.0,0.0,0.0,0.0,77.4
0.0,0.0,0.0,0.0,0.0,0.0,0.0,"","2016-02-20 00:00",0.0,0.0,0.0,0.0,0.0,0.0,0.0,0.0,0.0,77.3
0.0,0.0,0.0,0.0,0.0,0.0,0.0,"","2016-02-19 00:00",0.0,0.0,0.0,0.0,0.0,0.0,0.0,0.0,0.0,77.1
0.0,0.0,0.0,0.0,0.0,0.0,0.0,"","2016-02-18 00:00",0.0,0.0,0.0,0.0,0.0,0.0,0.0,0.0,0.0,75.9
0.0,0.0,0.0,0.0,0.0,0.0,0.0,"","2016-02-16 00:00",0.0,0.0,0.0,0.0,0.0,0.0,0.0,0.0,0.0,75.6
0.0,0.0,0.0,0.0,0.0,0.0,0.0,"","2016-02-12 00:00",0.0,0.0,0.0,0.0,0.0,0.0,0.0,0.0,0.0,79.0
0.0,0.0,0.0,0.0,0.0,0.0,0.0,"","2016-01-27 00:00",0.0,0.0,0.0,0.0,0.0,0.0,0.0,0.0,0.0,79.1
0.0,0.0,0.0,0.0,0.0,0.0,0.0,"","2016-01-25 00:00",0.0,0.0,0.0,0.0,0.0,0.0,0.0,0.0,0.0,79.7
0.0,0.0,0.0,0.0,0.0,0.0,0.0,"","2016-01-24 00:00",0.0,0.0,0.0,0.0,0.0,0.0,0.0,0.0,0.0,79.2
0.0,0.0,0.0,0.0,0.0,0.0,0.0,"","2016-01-23 00:00",0.0,0.0,0.0,0.0,0.0,0.0,0.0,0.0,0.0,80.1
0.0,0.0,0.0,0.0,0.0,0.0,0.0,"","2016-01-22 00:00",0.0,0.0,0.0,0.0,0.0,0.0,0.0,0.0,0.0,79.0
0.0,0.0,0.0,0.0,0.0,0.0,0.0,"","2016-01-21 00:00",0.0,0.0,0.0,0.0,0.0,0.0,0.0,0.0,0.0,79.2
0.0,0.0,0.0,0.0,0.0,0.0,0.0,"","2016-01-20 00:00",0.0,0.0,0.0,0.0,0.0,0.0,0.0,0.0,0.0,78.0
0.0,0.0,0.0,0.0,0.0,0.0,0.0,"","2016-01-19 00:00",0.0,0.0,0.0,0.0,0.0,0.0,0.0,0.0,0.0,79.0
0.0,0.0,0.0,0.0,0.0,0.0,0.0,"","2016-01-18 00:00",0.0,0.0,0.0,0.0,0.0,0.0,0.0,0.0,0.0,80.0
0.0,0.0,0.0,0.0,0.0,0.0,0.0,"","2016-01-15 00:00",0.0,0.0,0.0,0.0,0.0,0.0,0.0,0.0,0.0,79.9
0.0,0.0,0.0,0.0,0.0,0.0,0.0,"","2016-01-14 00:00",0.0,0.0,0.0,0.0,0.0,0.0,0.0,0.0,0.0,78.8
0.0,0.0,0.0,0.0,0.0,0.0,0.0,"","2016-01-13 00:00",0.0,0.0,0.0,0.0,0.0,0.0,0.0,0.0,0.0,78.7
0.0,0.0,0.0,0.0,0.0,0.0,0.0,"","2016-01-12 00:00",0.0,0.0,0.0,0.0,0.0,0.0,0.0,0.0,0.0,80.0
0.0,0.0,0.0,0.0,0.0,0.0,0.0,"","2016-01-11 00:00",0.0,0.0,0.0,0.0,0.0,0.0,0.0,0.0,0.0,77.4
0.0,0.0,0.0,0.0,0.0,0.0,0.0,"","2016-01-08 00:00",0.0,0.0,0.0,0.0,0.0,0.0,0.0,0.0,0.0,78.4
0.0,0.0,0.0,0.0,0.0,0.0,0.0,"","2016-01-07 00:00",0.0,0.0,0.0,0.0,0.0,0.0,0.0,0.0,0.0,79.7
0.0,0.0,0.0,0.0,0.0,0.0,0.0,"","2016-01-06 00:00",0.0,0.0,0.0,0.0,0.0,0.0,0.0,0.0,0.0,80.3
0.0,0.0,0.0,0.0,0.0,0.0,0.0,"","2016-01-05 00:00",0.0,0.0,0.0,0.0,0.0,0.0,0.0,0.0,0.0,79.8
0.0,0.0,0.0,0.0,0.0,0.0,0.0,"","2016-01-04 00:00",0.0,0.0,0.0,0.0,0.0,0.0,0.0,0.0,0.0,79.1
0.0,0.0,0.0,0.0,0.0,0.0,0.0,"","2016-01-03 00:00",0.0,0.0,0.0,0.0,0.0,0.0,0.0,0.0,0.0,79.4
0.0,0.0,0.0,0.0,0.0,0.0,0.0,"","2015-12-30 00:00",0.0,0.0,0.0,0.0,0.0,0.0,0.0,0.0,0.0,80.4
0.0,0.0,0.0,0.0,0.0,0.0,0.0,"","2015-12-29 00:00",0.0,0.0,0.0,0.0,0.0,0.0,0.0,0.0,0.0,79.7
0.0,0.0,0.0,0.0,0.0,0.0,0.0,"","2015-12-24 00:00",0.0,0.0,0.0,0.0,0.0,0.0,0.0,0.0,0.0,79.8
0.0,0.0,0.0,0.0,0.0,0.0,0.0,"","2015-12-23 00:00",0.0,0.0,0.0,0.0,0.0,0.0,0.0,0.0,0.0,79.6
0.0,0.0,0.0,0.0,0.0,0.0,0.0,"","2015-09-21 00:00",0.0,0.0,0.0,0.0,0.0,0.0,0.0,0.0,0.0,79.9
0.0,0.0,0.0,0.0,0.0,0.0,0.0,"","2015-08-28 00:00",0.0,0.0,0.0,0.0,0.0,0.0,0.0,0.0,0.0,80.9
0.0,0.0,0.0,0.0,0.0,0.0,0.0,"","2015-08-27 00:00",0.0,0.0,0.0,0.0,0.0,0.0,0.0,0.0,0.0,80.6
0.0,0.0,0.0,0.0,0.0,0.0,0.0,"","2015-08-23 00:00",0.0,0.0,0.0,0.0,0.0,0.0,0.0,0.0,0.0,80.6
0.0,0.0,0.0,0.0,0.0,0.0,0.0,"","2015-08-19 00:00",0.0,0.0,0.0,0.0,0.0,0.0,0.0,0.0,0.0,81.1
0.0,0.0,0.0,0.0,0.0,0.0,0.0,"","2015-08-13 00:00",0.0,0.0,0.0,0.0,0.0,0.0,0.0,0.0,0.0,80.0
0.0,0.0,0.0,0.0,0.0,0.0,0.0,"","2015-08-12 00:00",0.0,0.0,0.0,0.0,0.0,0.0,0.0,0.0,0.0,81.1
0.0,0.0,0.0,0.0,0.0,0.0,0.0,"","2015-08-11 00:00",0.0,0.0,0.0,0.0,0.0,0.0,0.0,0.0,0.0,81.7
0.0,0.0,0.0,0.0,0.0,0.0,0.0,"","2015-08-10 00:00",0.0,0.0,0.0,0.0,0.0,0.0,0.0,0.0,0.0,80.9
0.0,0.0,0.0,0.0,0.0,0.0,0.0,"","2015-08-07 00:00",0.0,0.0,0.0,0.0,0.0,0.0,0.0,0.0,0.0,80.9
0.0,0.0,0.0,0.0,0.0,0.0,0.0,"","2015-07-27 00:00",0.0,0.0,0.0,0.0,0.0,0.0,0.0,0.0,0.0,81.4
0.0,0.0,0.0,0.0,0.0,0.0,0.0,"","2015-07-24 00:00",0.0,0.0,0.0,0.0,0.0,0.0,0.0,0.0,0.0,81.1
0.0,0.0,0.0,0.0,0.0,0.0,0.0,"","2015-07-23 00:00",0.0,0.0,0.0,0.0,0.0,0.0,0.0,0.0,0.0,80.6
0.0,0.0,0.0,0.0,0.0,0.0,0.0,"","2015-07-22 00:00",0.0,0.0,0.0,0.0,0.0,0.0,0.0,0.0,0.0,80.2
0.0,0.0,0.0,0.0,0.0,0.0,0.0,"","2015-07-21 00:00",0.0,0.0,0.0,0.0,0.0,0.0,0.0,0.0,0.0,81.6
0.0,0.0,0.0,0.0,0.0,0.0,0.0,"","2015-07-19 00:00",0.0,0.0,0.0,0.0,0.0,0.0,0.0,0.0,0.0,80.4
0.0,0.0,0.0,0.0,0.0,0.0,0.0,"","2015-07-17 00:00",0.0,0.0,0.0,0.0,0.0,0.0,0.0,0.0,0.0,80.0
0.0,0.0,0.0,0.0,0.0,0.0,0.0,"","2015-07-16 00:00",0.0,0.0,0.0,0.0,0.0,0.0,0.0,0.0,0.0,78.7
0.0,0.0,0.0,0.0,0.0,0.0,0.0,"","2015-07-15 00:00",0.0,0.0,0.0,0.0,0.0,0.0,0.0,0.0,0.0,80.0
0.0,0.0,0.0,0.0,0.0,0.0,0.0,"","2015-07-14 00:00",0.0,0.0,0.0,0.0,0.0,0.0,0.0,0.0,0.0,79.2
0.0,0.0,0.0,0.0,0.0,0.0,0.0,"","2015-07-13 00:00",0.0,0.0,0.0,0.0,0.0,0.0,0.0,0.0,0.0,80.3
0.0,0.0,0.0,0.0,0.0,0.0,0.0,"","2015-07-12 00:00",0.0,0.0,0.0,0.0,0.0,0.0,0.0,0.0,0.0,80.6
0.0,0.0,0.0,0.0,0.0,0.0,0.0,"","2015-07-10 00:00",0.0,0.0,0.0,0.0,0.0,0.0,0.0,0.0,0.0,79.6
0.0,0.0,0.0,0.0,0.0,0.0,0.0,"","2015-07-09 00:00",0.0,0.0,0.0,0.0,0.0,0.0,0.0,0.0,0.0,79.0
0.0,0.0,0.0,0.0,0.0,0.0,0.0,"","2015-07-08 00:00",0.0,0.0,0.0,0.0,0.0,0.0,0.0,0.0,0.0,80.1
0.0,0.0,0.0,0.0,0.0,0.0,0.0,"","2015-07-07 00:00",0.0,0.0,0.0,0.0,0.0,0.0,0.0,0.0,0.0,80.1
0.0,0.0,0.0,0.0,0.0,0.0,0.0,"","2015-07-01 00:00",0.0,0.0,0.0,0.0,0.0,0.0,0.0,0.0,0.0,80.2
0.0,0.0,0.0,0.0,0.0,0.0,0.0,"","2015-06-30 00:00",0.0,0.0,0.0,0.0,0.0,0.0,0.0,0.0,0.0,79.5
0.0,0.0,0.0,0.0,0.0,0.0,0.0,"","2015-06-29 00:00",0.0,0.0,0.0,0.0,0.0,0.0,0.0,0.0,0.0,79.8
0.0,0.0,0.0,0.0,0.0,0.0,0.0,"","2015-06-27 00:00",0.0,0.0,0.0,0.0,0.0,0.0,0.0,0.0,0.0,79.9
0.0,0.0,0.0,0.0,0.0,0.0,0.0,"","2015-06-26 00:00",0.0,0.0,0.0,0.0,0.0,0.0,0.0,0.0,0.0,80.5
0.0,0.0,0.0,0.0,0.0,0.0,0.0,"","2015-06-25 00:00",0.0,0.0,0.0,0.0,0.0,0.0,0.0,0.0,0.0,80.1
0.0,0.0,0.0,0.0,0.0,0.0,0.0,"","2015-06-24 00:00",0.0,0.0,0.0,0.0,0.0,0.0,0.0,0.0,0.0,80.0
0.0,0.0,0.0,0.0,0.0,0.0,0.0,"","2015-06-23 00:00",0.0,0.0,0.0,0.0,0.0,0.0,0.0,0.0,0.0,79.5
0.0,0.0,0.0,0.0,0.0,0.0,0.0,"","2015-06-22 00:00",0.0,0.0,0.0,0.0,0.0,0.0,0.0,0.0,0.0,80.8
0.0,0.0,0.0,0.0,0.0,0.0,0.0,"","2015-06-19 00:00",0.0,0.0,0.0,0.0,0.0,0.0,0.0,0.0,0.0,79.8
0.0,0.0,0.0,0.0,0.0,0.0,0.0,"","2015-06-18 00:00",0.0,0.0,0.0,0.0,0.0,0.0,0.0,0.0,0.0,79.4
0.0,0.0,0.0,0.0,0.0,0.0,0.0,"","2015-06-17 00:00",0.0,0.0,0.0,0.0,0.0,0.0,0.0,0.0,0.0,80.4
0.0,0.0,0.0,0.0,0.0,0.0,0.0,"","2015-06-16 00:00",0.0,0.0,0.0,0.0,0.0,0.0,0.0,0.0,0.0,79.2
0.0,0.0,0.0,0.0,0.0,0.0,0.0,"","2015-06-14 00:00",0.0,0.0,0.0,0.0,0.0,0.0,0.0,0.0,0.0,80.9
0.0,0.0,0.0,0.0,0.0,0.0,0.0,"","2015-06-13 00:00",0.0,0.0,0.0,0.0,0.0,0.0,0.0,0.0,0.0,81.0
0.0,0.0,0.0,0.0,0.0,0.0,0.0,"","2015-06-12 00:00",0.0,0.0,0.0,0.0,0.0,0.0,0.0,0.0,0.0,80.6
0.0,0.0,0.0,0.0,0.0,0.0,0.0,"","2015-06-11 00:00",0.0,0.0,0.0,0.0,0.0,0.0,0.0,0.0,0.0,82.0
0.0,0.0,0.0,0.0,0.0,0.0,0.0,"","2015-06-10 00:00",0.0,0.0,0.0,0.0,0.0,0.0,0.0,0.0,0.0,79.4
0.0,0.0,0.0,0.0,0.0,0.0,0.0,"","2015-06-09 00:00",0.0,0.0,0.0,0.0,0.0,0.0,0.0,0.0,0.0,80.0
0.0,0.0,0.0,0.0,0.0,0.0,0.0,"","2015-06-06 00:00",0.0,0.0,0.0,0.0,0.0,0.0,0.0,0.0,0.0,80.6
0.0,0.0,0.0,0.0,0.0,0.0,0.0,"","2015-06-05 00:00",0.0,0.0,0.0,0.0,0.0,0.0,0.0,0.0,0.0,79.2
0.0,0.0,0.0,0.0,0.0,0.0,0.0,"","2015-05-25 00:00",0.0,0.0,0.0,0.0,0.0,0.0,0.0,0.0,0.0,80.6
0.0,0.0,0.0,0.0,0.0,0.0,0.0,"","2015-05-21 00:00",0.0,0.0,0.0,0.0,0.0,0.0,0.0,0.0,0.0,80.4
0.0,0.0,0.0,0.0,0.0,0.0,0.0,"","2015-05-16 00:00",0.0,0.0,0.0,0.0,0.0,0.0,0.0,0.0,0.0,82.3
0.0,0.0,0.0,0.0,0.0,0.0,0.0,"","2015-05-06 00:00",0.0,0.0,0.0,0.0,0.0,0.0,0.0,0.0,0.0,81.2
0.0,0.0,0.0,0.0,0.0,0.0,0.0,"","2015-04-30 00:00",0.0,0.0,0.0,0.0,0.0,0.0,0.0,0.0,0.0,81.5
0.0,0.0,0.0,0.0,0.0,0.0,0.0,"","2015-04-28 00:00",0.0,0.0,0.0,0.0,0.0,0.0,0.0,0.0,0.0,81.0
0.0,0.0,0.0,0.0,0.0,0.0,0.0,"","2015-04-24 00:00",0.0,0.0,0.0,0.0,0.0,0.0,0.0,0.0,0.0,81.2
0.0,0.0,0.0,0.0,0.0,0.0,0.0,"","2015-04-22 00:00",0.0,0.0,0.0,0.0,0.0,0.0,0.0,0.0,0.0,81.4
0.0,0.0,0.0,0.0,0.0,0.0,0.0,"","2015-04-21 00:00",0.0,0.0,0.0,0.0,0.0,0.0,0.0,0.0,0.0,81.4
0.0,0.0,0.0,0.0,0.0,0.0,0.0,"","2015-04-20 00:00",0.0,0.0,0.0,0.0,0.0,0.0,0.0,0.0,0.0,81.4
0.0,0.0,0.0,0.0,0.0,0.0,0.0,"","2015-04-19 00:00",0.0,0.0,0.0,0.0,0.0,0.0,0.0,0.0,0.0,80.4
0.0,0.0,0.0,0.0,0.0,0.0,0.0,"","2015-04-18 00:00",0.0,0.0,0.0,0.0,0.0,0.0,0.0,0.0,0.0,81.6
0.0,0.0,0.0,0.0,0.0,0.0,0.0,"","2015-04-17 00:00",0.0,0.0,0.0,0.0,0.0,0.0,0.0,0.0,0.0,81.5
0.0,0.0,0.0,0.0,0.0,0.0,0.0,"","2015-04-16 00:00",0.0,0.0,0.0,0.0,0.0,0.0,0.0,0.0,0.0,81.1
0.0,0.0,0.0,0.0,0.0,0.0,0.0,"","2015-04-15 00:00",0.0,0.0,0.0,0.0,0.0,0.0,0.0,0.0,0.0,82.1
0.0,0.0,0.0,0.0,0.0,0.0,0.0,"","2015-04-07 00:00",0.0,0.0,0.0,0.0,0.0,0.0,0.0,0.0,0.0,82.3
0.0,0.0,0.0,0.0,0.0,0.0,0.0,"","2015-03-19 00:00",0.0,0.0,0.0,0.0,0.0,0.0,0.0,0.0,0.0,80.3
0.0,0.0,0.0,0.0,0.0,0.0,0.0,"","2015-03-18 00:00",0.0,0.0,0.0,0.0,0.0,0.0,0.0,0.0,0.0,80.5
0.0,0.0,0.0,0.0,0.0,0.0,0.0,"","2015-03-17 00:00",0.0,0.0,0.0,0.0,0.0,0.0,0.0,0.0,0.0,80.9
0.0,0.0,0.0,0.0,0.0,0.0,0.0,"","2015-03-12 00:00",0.0,0.0,0.0,0.0,0.0,0.0,0.0,0.0,0.0,81.3
0.0,0.0,0.0,0.0,0.0,0.0,0.0,"","2015-03-11 00:00",0.0,0.0,0.0,0.0,0.0,0.0,0.0,0.0,0.0,82.0
0.0,0.0,0.0,0.0,0.0,0.0,0.0,"","2015-03-05 00:00",0.0,0.0,0.0,0.0,0.0,0.0,0.0,0.0,0.0,82.7
0.0,0.0,0.0,0.0,0.0,0.0,0.0,"","2015-01-14 00:00",0.0,0.0,0.0,0.0,0.0,0.0,0.0,0.0,0.0,80.0
0.0,0.0,0.0,0.0,0.0,0.0,0.0,"","2015-01-12 00:00",0.0,0.0,0.0,0.0,0.0,0.0,0.0,0.0,0.0,80.7
0.0,0.0,0.0,0.0,0.0,0.0,0.0,"","2014-11-13 00:00",0.0,0.0,0.0,0.0,0.0,0.0,0.0,0.0,0.0,79.1
0.0,0.0,0.0,0.0,0.0,0.0,0.0,"","2014-11-12 00:00",0.0,0.0,0.0,0.0,0.0,0.0,0.0,0.0,0.0,78.4
0.0,0.0,0.0,0.0,0.0,0.0,0.0,"","2014-11-11 00:00",0.0,0.0,0.0,0.0,0.0,0.0,0.0,0.0,0.0,78.9
0.0,0.0,0.0,0.0,0.0,0.0,0.0,"","2014-10-18 00:00",0.0,0.0,0.0,0.0,0.0,0.0,0.0,0.0,0.0,77.4
0.0,0.0,0.0,0.0,0.0,0.0,0.0,"","2014-10-17 00:00",0.0,0.0,0.0,0.0,0.0,0.0,0.0,0.0,0.0,78.2
0.0,0.0,0.0,0.0,0.0,0.0,0.0,"","2014-10-03 00:00",0.0,0.0,0.0,0.0,0.0,0.0,0.0,0.0,0.0,76.6
0.0,0.0,0.0,0.0,0.0,0.0,0.0,"","2014-09-29 00:00",0.0,0.0,0.0,0.0,0.0,0.0,0.0,0.0,0.0,77.2
0.0,0.0,0.0,0.0,0.0,0.0,0.0,"","2014-09-25 00:00",0.0,0.0,0.0,0.0,0.0,0.0,0.0,0.0,0.0,77.4
0.0,0.0,0.0,0.0,0.0,0.0,0.0,"","2014-09-24 00:00",0.0,0.0,0.0,0.0,0.0,0.0,0.0,0.0,0.0,77.1
0.0,0.0,0.0,0.0,0.0,0.0,0.0,"","2014-09-22 00:00",0.0,0.0,0.0,0.0,0.0,0.0,0.0,0.0,0.0,77.3
0.0,0.0,0.0,0.0,0.0,0.0,0.0,"","2014-09-18 00:00",0.0,0.0,0.0,0.0,0.0,0.0,0.0,0.0,0.0,77.3
0.0,0.0,0.0,0.0,0.0,0.0,0.0,"","2014-09-17 00:00",0.0,0.0,0.0,0.0,0.0,0.0,0.0,0.0,0.0,76.3
0.0,0.0,0.0,0.0,0.0,0.0,0.0,"","2014-09-16 00:00",0.0,0.0,0.0,0.0,0.0,0.0,0.0,0.0,0.0,76.1
0.0,0.0,0.0,0.0,0.0,0.0,0.0,"","2014-09-15 00:00",0.0,0.0,0.0,0.0,0.0,0.0,0.0,0.0,0.0,77.3
0.0,0.0,0.0,0.0,0.0,0.0,0.0,"","2014-09-14 00:00",0.0,0.0,0.0,0.0,0.0,0.0,0.0,0.0,0.0,77.1
0.0,0.0,0.0,0.0,0.0,0.0,0.0,"","2014-09-11 00:00",0.0,0.0,0.0,0.0,0.0,0.0,0.0,0.0,0.0,76.3
0.0,0.0,0.0,0.0,0.0,0.0,0.0,"","2014-09-10 00:00",0.0,0.0,0.0,0.0,0.0,0.0,0.0,0.0,0.0,77.0
0.0,0.0,0.0,0.0,0.0,0.0,0.0,"","2014-09-08 00:00",0.0,0.0,0.0,0.0,0.0,0.0,0.0,0.0,0.0,76.3
0.0,0.0,0.0,0.0,0.0,0.0,0.0,"","2014-09-07 00:00",0.0,0.0,0.0,0.0,0.0,0.0,0.0,0.0,0.0,77.0
0.0,0.0,0.0,0.0,0.0,0.0,0.0,"","2014-09-01 00:00",0.0,0.0,0.0,0.0,0.0,0.0,0.0,0.0,0.0,77.0
0.0,0.0,0.0,0.0,0.0,0.0,0.0,"","2014-08-28 00:00",0.0,0.0,0.0,0.0,0.0,0.0,0.0,0.0,0.0,76.5
0.0,0.0,0.0,0.0,0.0,0.0,0.0,"","2014-07-30 00:00",0.0,0.0,0.0,0.0,0.0,0.0,0.0,0.0,0.0,74.8
0.0,0.0,0.0,0.0,0.0,0.0,0.0,"","2014-07-27 00:00",0.0,0.0,0.0,0.0,0.0,0.0,0.0,0.0,0.0,74.8
0.0,0.0,0.0,0.0,0.0,0.0,0.0,"","2014-07-16 00:00",0.0,0.0,0.0,0.0,0.0,0.0,0.0,0.0,0.0,75.6
0.0,0.0,0.0,0.0,0.0,0.0,0.0,"","2014-07-15 00:00",0.0,0.0,0.0,0.0,0.0,0.0,0.0,0.0,0.0,74.8
0.0,0.0,0.0,0.0,0.0,0.0,0.0,"","2014-07-14 00:00",0.0,0.0,0.0,0.0,0.0,0.0,0.0,0.0,0.0,73.6
0.0,0.0,0.0,0.0,0.0,0.0,0.0,"","2014-07-13 00:00",0.0,0.0,0.0,0.0,0.0,0.0,0.0,0.0,0.0,73.4
0.0,0.0,0.0,0.0,0.0,0.0,0.0,"","2014-07-12 00:00",0.0,0.0,0.0,0.0,0.0,0.0,0.0,0.0,0.0,73.2
0.0,0.0,0.0,0.0,0.0,0.0,0.0,"","2014-07-11 00:00",0.0,0.0,0.0,0.0,0.0,0.0,0.0,0.0,0.0,73.2
0.0,0.0,0.0,0.0,0.0,0.0,0.0,"","2014-07-10 00:00",0.0,0.0,0.0,0.0,0.0,0.0,0.0,0.0,0.0,73.2
0.0,0.0,0.0,0.0,0.0,0.0,0.0,"","2014-07-09 00:00",0.0,0.0,0.0,0.0,0.0,0.0,0.0,0.0,0.0,73.7
0.0,0.0,0.0,0.0,0.0,0.0,0.0,"","2014-07-08 00:00",0.0,0.0,0.0,0.0,0.0,0.0,0.0,0.0,0.0,72.7
0.0,0.0,0.0,0.0,0.0,0.0,0.0,"","2014-07-05 00:00",0.0,0.0,0.0,0.0,0.0,0.0,0.0,0.0,0.0,74.4
0.0,0.0,0.0,0.0,0.0,0.0,0.0,"","2014-06-26 00:00",0.0,0.0,0.0,0.0,0.0,0.0,0.0,0.0,0.0,74.3
0.0,0.0,0.0,0.0,0.0,0.0,0.0,"","2014-06-25 00:00",0.0,0.0,0.0,0.0,0.0,0.0,0.0,0.0,0.0,73.4
0.0,0.0,0.0,0.0,0.0,0.0,0.0,"","2014-06-23 00:00",0.0,0.0,0.0,0.0,0.0,0.0,0.0,0.0,0.0,73.7
0.0,0.0,0.0,0.0,0.0,0.0,0.0,"","2014-06-17 00:00",0.0,0.0,0.0,0.0,0.0,0.0,0.0,0.0,0.0,73.7
0.0,0.0,0.0,0.0,0.0,0.0,0.0,"","2014-06-13 00:00",0.0,0.0,0.0,0.0,0.0,0.0,0.0,0.0,0.0,73.3
0.0,0.0,0.0,0.0,0.0,0.0,0.0,"","2014-06-10 00:00",0.0,0.0,0.0,0.0,0.0,0.0,0.0,0.0,0.0,72.9
0.0,0.0,0.0,0.0,0.0,0.0,0.0,"","2014-06-06 00:00",0.0,0.0,0.0,0.0,0.0,0.0,0.0,0.0,0.0,72.5
0.0,0.0,0.0,0.0,0.0,0.0,0.0,"","2014-06-05 00:00",0.0,0.0,0.0,0.0,0.0,0.0,0.0,0.0,0.0,72.9
0.0,0.0,0.0,0.0,0.0,0.0,0.0,"","2014-05-30 00:00",0.0,0.0,0.0,0.0,0.0,0.0,0.0,0.0,0.0,73.5
0.0,0.0,0.0,0.0,0.0,0.0,0.0,"","2014-05-28 00:00",0.0,0.0,0.0,0.0,0.0,0.0,0.0,0.0,0.0,72.1
0.0,0.0,0.0,0.0,0.0,0.0,0.0,"","2014-05-27 00:00",0.0,0.0,0.0,0.0,0.0,0.0,0.0,0.0,0.0,72.1
0.0,0.0,0.0,0.0,0.0,0.0,0.0,"","2014-05-23 00:00",0.0,0.0,0.0,0.0,0.0,0.0,0.0,0.0,0.0,72.0
0.0,0.0,0.0,0.0,0.0,0.0,0.0,"","2014-05-22 00:00",0.0,0.0,0.0,0.0,0.0,0.0,0.0,0.0,0.0,72.0
0.0,0.0,0.0,0.0,0.0,0.0,0.0,"","2014-05-21 00:00",0.0,0.0,0.0,0.0,0.0,0.0,0.0,0.0,0.0,72.0
0.0,0.0,0.0,0.0,0.0,0.0,0.0,"","2014-05-19 00:00",0.0,0.0,0.0,0.0,0.0,0.0,0.0,0.0,0.0,72.7
0.0,0.0,0.0,0.0,0.0,0.0,0.0,"","2014-05-16 00:00",0.0,0.0,0.0,0.0,0.0,0.0,0.0,0.0,0.0,72.7
0.0,0.0,0.0,0.0,0.0,0.0,0.0,"","2014-05-15 00:00",0.0,0.0,0.0,0.0,0.0,0.0,0.0,0.0,0.0,72.3
0.0,0.0,0.0,0.0,0.0,0.0,0.0,"","2014-05-14 00:00",0.0,0.0,0.0,0.0,0.0,0.0,0.0,0.0,0.0,71.3
0.0,0.0,0.0,0.0,0.0,0.0,0.0,"","2014-05-13 00:00",0.0,0.0,0.0,0.0,0.0,0.0,0.0,0.0,0.0,72.5
0.0,0.0,0.0,0.0,0.0,0.0,0.0,"","2014-05-08 00:00",0.0,0.0,0.0,0.0,0.0,0.0,0.0,0.0,0.0,72.5
0.0,0.0,0.0,0.0,0.0,0.0,0.0,"","2014-05-07 00:00",0.0,0.0,0.0,0.0,0.0,0.0,0.0,0.0,0.0,73.1
0.0,0.0,0.0,0.0,0.0,0.0,0.0,"","2014-05-02 00:00",0.0,0.0,0.0,0.0,0.0,0.0,0.0,0.0,0.0,72.5
0.0,0.0,0.0,0.0,0.0,0.0,0.0,"","2014-04-30 00:00",0.0,0.0,0.0,0.0,0.0,0.0,0.0,0.0,0.0,72.2
0.0,0.0,0.0,0.0,0.0,0.0,0.0,"","2014-04-25 00:00",0.0,0.0,0.0,0.0,0.0,0.0,0.0,0.0,0.0,72.8
0.0,0.0,0.0,0.0,0.0,0.0,0.0,"","2014-04-23 00:00",0.0,0.0,0.0,0.0,0.0,0.0,0.0,0.0,0.0,72.6
0.0,0.0,0.0,0.0,0.0,0.0,0.0,"","2014-04-22 00:00",0.0,0.0,0.0,0.0,0.0,0.0,0.0,0.0,0.0,71.5
0.0,0.0,0.0,0.0,0.0,0.0,0.0,"","2014-04-18 00:00",0.0,0.0,0.0,0.0,0.0,0.0,0.0,0.0,0.0,72.0
0.0,0.0,0.0,0.0,0.0,0.0,0.0,"","2014-04-17 00:00",0.0,0.0,0.0,0.0,0.0,0.0,0.0,0.0,0.0,72.0
0.0,0.0,0.0,0.0,0.0,0.0,0.0,"","2014-04-16 00:00",0.0,0.0,0.0,0.0,0.0,0.0,0.0,0.0,0.0,71.1
0.0,0.0,0.0,0.0,0.0,0.0,0.0,"","2014-04-15 00:00",0.0,0.0,0.0,0.0,0.0,0.0,0.0,0.0,0.0,72.1
0.0,0.0,0.0,0.0,0.0,0.0,0.0,"","2014-04-14 00:00",0.0,0.0,0.0,0.0,0.0,0.0,0.0,0.0,0.0,73.6
0.0,0.0,0.0,0.0,0.0,0.0,0.0,"","2014-04-11 00:00",0.0,0.0,0.0,0.0,0.0,0.0,0.0,0.0,0.0,72.4
0.0,0.0,0.0,0.0,0.0,0.0,0.0,"","2014-04-10 00:00",0.0,0.0,0.0,0.0,0.0,0.0,0.0,0.0,0.0,71.4
0.0,0.0,0.0,0.0,0.0,0.0,0.0,"","2014-04-08 00:00",0.0,0.0,0.0,0.0,0.0,0.0,0.0,0.0,0.0,72.3
0.0,0.0,0.0,0.0,0.0,0.0,0.0,"","2014-04-02 00:00",0.0,0.0,0.0,0.0,0.0,0.0,0.0,0.0,0.0,72.3
0.0,0.0,0.0,0.0,0.0,0.0,0.0,"","2014-04-01 00:00",0.0,0.0,0.0,0.0,0.0,0.0,0.0,0.0,0.0,71.9
0.0,0.0,0.0,0.0,0.0,0.0,0.0,"","2014-03-31 00:00",0.0,0.0,0.0,0.0,0.0,0.0,0.0,0.0,0.0,72.7
0.0,0.0,0.0,0.0,0.0,0.0,0.0,"","2014-03-30 00:00",0.0,0.0,0.0,0.0,0.0,0.0,0.0,0.0,0.0,73.1
0.0,0.0,0.0,0.0,0.0,0.0,0.0,"","2014-03-27 00:00",0.0,0.0,0.0,0.0,0.0,0.0,0.0,0.0,0.0,71.9
0.0,0.0,0.0,0.0,0.0,0.0,0.0,"","2014-03-26 00:00",0.0,0.0,0.0,0.0,0.0,0.0,0.0,0.0,0.0,72.7
0.0,0.0,0.0,0.0,0.0,0.0,0.0,"","2014-03-25 00:00",0.0,0.0,0.0,0.0,0.0,0.0,0.0,0.0,0.0,73.4
0.0,0.0,0.0,0.0,0.0,0.0,0.0,"","2014-03-24 00:00",0.0,0.0,0.0,0.0,0.0,0.0,0.0,0.0,0.0,73.4
0.0,0.0,0.0,0.0,0.0,0.0,0.0,"","2014-03-20 00:00",0.0,0.0,0.0,0.0,0.0,0.0,0.0,0.0,0.0,73.7
0.0,0.0,0.0,0.0,0.0,0.0,0.0,"","2014-03-18 00:00",0.0,0.0,0.0,0.0,0.0,0.0,0.0,0.0,0.0,74.2
0.0,0.0,0.0,0.0,0.0,0.0,0.0,"","2014-03-17 00:00",0.0,0.0,0.0,0.0,0.0,0.0,0.0,0.0,0.0,72.6
0.0,0.0,0.0,0.0,0.0,0.0,0.0,"","2014-03-15 00:00",0.0,0.0,0.0,0.0,0.0,0.0,0.0,0.0,0.0,72.9
0.0,0.0,0.0,0.0,0.0,0.0,0.0,"","2014-03-13 00:00",0.0,0.0,0.0,0.0,0.0,0.0,0.0,0.0,0.0,71.5
0.0,0.0,0.0,0.0,0.0,0.0,0.0,"","2014-03-12 00:00",0.0,0.0,0.0,0.0,0.0,0.0,0.0,0.0,0.0,72.6
0.0,0.0,0.0,0.0,0.0,0.0,0.0,"","2014-03-10 00:00",0.0,0.0,0.0,0.0,0.0,0.0,0.0,0.0,0.0,72.9
0.0,0.0,0.0,0.0,0.0,0.0,0.0,"","2014-03-09 00:00",0.0,0.0,0.0,0.0,0.0,0.0,0.0,0.0,0.0,74.0
0.0,0.0,0.0,0.0,0.0,0.0,0.0,"","2014-03-07 00:00",0.0,0.0,0.0,0.0,0.0,0.0,0.0,0.0,0.0,73.1
0.0,0.0,0.0,0.0,0.0,0.0,0.0,"","2014-03-06 00:00",0.0,0.0,0.0,0.0,0.0,0.0,0.0,0.0,0.0,73.1
0.0,0.0,0.0,0.0,0.0,0.0,0.0,"","2014-03-05 00:00",0.0,0.0,0.0,0.0,0.0,0.0,0.0,0.0,0.0,73.1
0.0,0.0,0.0,0.0,0.0,0.0,0.0,"","2014-02-28 00:00",0.0,0.0,0.0,0.0,0.0,0.0,0.0,0.0,0.0,72.3
0.0,0.0,0.0,0.0,0.0,0.0,0.0,"","2014-02-27 00:00",0.0,0.0,0.0,0.0,0.0,0.0,0.0,0.0,0.0,73.3
0.0,0.0,0.0,0.0,0.0,0.0,0.0,"","2014-02-24 00:00",0.0,0.0,0.0,0.0,0.0,0.0,0.0,0.0,0.0,73.9
0.0,0.0,0.0,0.0,0.0,0.0,0.0,"","2014-02-22 00:00",0.0,0.0,0.0,0.0,0.0,0.0,0.0,0.0,0.0,72.9
0.0,0.0,0.0,0.0,0.0,0.0,0.0,"","2014-02-17 00:00",0.0,0.0,0.0,0.0,0.0,0.0,0.0,0.0,0.0,73.7
0.0,0.0,0.0,0.0,0.0,0.0,0.0,"","2014-02-15 00:00",0.0,0.0,0.0,0.0,0.0,0.0,0.0,0.0,0.0,72.2
0.0,0.0,0.0,0.0,0.0,0.0,0.0,"","2014-02-13 00:00",0.0,0.0,0.0,0.0,0.0,0.0,0.0,0.0,0.0,73.9
0.0,0.0,0.0,0.0,0.0,0.0,0.0,"","2014-02-12 00:00",0.0,0.0,0.0,0.0,0.0,0.0,0.0,0.0,0.0,73.9
0.0,0.0,0.0,0.0,0.0,0.0,0.0,"","2014-02-10 00:00",0.0,0.0,0.0,0.0,0.0,0.0,0.0,0.0,0.0,74.7
0.0,0.0,0.0,0.0,0.0,0.0,0.0,"","2014-02-09 00:00",0.0,0.0,0.0,0.0,0.0,0.0,0.0,0.0,0.0,74.7
0.0,0.0,0.0,0.0,0.0,0.0,0.0,"","2014-02-08 00:00",0.0,0.0,0.0,0.0,0.0,0.0,0.0,0.0,0.0,74.7
0.0,0.0,0.0,0.0,0.0,0.0,0.0,"","2014-02-06 00:00",0.0,0.0,0.0,0.0,0.0,0.0,0.0,0.0,0.0,74.2
0.0,0.0,0.0,0.0,0.0,0.0,0.0,"","2014-02-04 00:00",0.0,0.0,0.0,0.0,0.0,0.0,0.0,0.0,0.0,74.2
0.0,0.0,0.0,0.0,0.0,0.0,0.0,"","2014-02-03 00:00",0.0,0.0,0.0,0.0,0.0,0.0,0.0,0.0,0.0,74.2
0.0,0.0,0.0,0.0,0.0,0.0,0.0,"","2014-01-30 00:00",0.0,0.0,0.0,0.0,0.0,0.0,0.0,0.0,0.0,72.8
0.0,0.0,0.0,0.0,0.0,0.0,0.0,"","2014-01-29 00:00",0.0,0.0,0.0,0.0,0.0,0.0,0.0,0.0,0.0,73.7
0.0,0.0,0.0,0.0,0.0,0.0,0.0,"","2014-01-28 00:00",0.0,0.0,0.0,0.0,0.0,0.0,0.0,0.0,0.0,73.4
0.0,0.0,0.0,0.0,0.0,0.0,0.0,"","2014-01-24 00:00",0.0,0.0,0.0,0.0,0.0,0.0,0.0,0.0,0.0,73.9
0.0,0.0,0.0,0.0,0.0,0.0,0.0,"","2014-01-23 00:00",0.0,0.0,0.0,0.0,0.0,0.0,0.0,0.0,0.0,72.9
0.0,0.0,0.0,0.0,0.0,0.0,0.0,"","2014-01-22 00:00",0.0,0.0,0.0,0.0,0.0,0.0,0.0,0.0,0.0,74.2
0.0,0.0,0.0,0.0,0.0,0.0,0.0,"","2014-01-21 00:00",0.0,0.0,0.0,0.0,0.0,0.0,0.0,0.0,0.0,73.7
0.0,0.0,0.0,0.0,0.0,0.0,0.0,"","2014-01-20 00:00",0.0,0.0,0.0,0.0,0.0,0.0,0.0,0.0,0.0,74.4
0.0,0.0,0.0,0.0,0.0,0.0,0.0,"","2014-01-16 00:00",0.0,0.0,0.0,0.0,0.0,0.0,0.0,0.0,0.0,72.4
0.0,0.0,0.0,0.0,0.0,0.0,0.0,"","2014-01-15 00:00",0.0,0.0,0.0,0.0,0.0,0.0,0.0,0.0,0.0,73.0
0.0,0.0,0.0,0.0,0.0,0.0,0.0,"","2014-01-13 00:00",0.0,0.0,0.0,0.0,0.0,0.0,0.0,0.0,0.0,73.1
0.0,0.0,0.0,0.0,0.0,0.0,0.0,"","2014-01-12 00:00",0.0,0.0,0.0,0.0,0.0,0.0,0.0,0.0,0.0,72.8
0.0,0.0,0.0,0.0,0.0,0.0,0.0,"","2014-01-11 00:00",0.0,0.0,0.0,0.0,0.0,0.0,0.0,0.0,0.0,73.3
0.0,0.0,0.0,0.0,0.0,0.0,0.0,"","2014-01-10 00:00",0.0,0.0,0.0,0.0,0.0,0.0,0.0,0.0,0.0,73.7
0.0,0.0,0.0,0.0,0.0,0.0,0.0,"","2014-01-09 00:00",0.0,0.0,0.0,0.0,0.0,0.0,0.0,0.0,0.0,73.6
0.0,0.0,0.0,0.0,0.0,0.0,0.0,"","2014-01-08 00:00",0.0,0.0,0.0,0.0,0.0,0.0,0.0,0.0,0.0,73.7
0.0,0.0,0.0,0.0,0.0,0.0,0.0,"","2014-01-07 00:00",0.0,0.0,0.0,0.0,0.0,0.0,0.0,0.0,0.0,73.4
0.0,0.0,0.0,0.0,0.0,0.0,0.0,"","2014-01-06 00:00",0.0,0.0,0.0,0.0,0.0,0.0,0.0,0.0,0.0,74.5
0.0,0.0,0.0,0.0,0.0,0.0,0.0,"","2014-01-03 00:00",0.0,0.0,0.0,0.0,0.0,0.0,0.0,0.0,0.0,73.8
0.0,0.0,0.0,0.0,0.0,0.0,0.0,"","2014-01-02 00:00",0.0,0.0,0.0,0.0,0.0,0.0,0.0,0.0,0.0,74.2
0.0,0.0,0.0,0.0,0.0,0.0,0.0,"","2014-01-01 00:00",0.0,0.0,0.0,0.0,0.0,0.0,0.0,0.0,0.0,74.8
0.0,0.0,0.0,0.0,0.0,0.0,0.0,"","2013-12-30 00:00",0.0,0.0,0.0,0.0,0.0,0.0,0.0,0.0,0.0,73.3
0.0,0.0,0.0,0.0,0.0,0.0,0.0,"","2013-12-29 00:00",0.0,0.0,0.0,0.0,0.0,0.0,0.0,0.0,0.0,73.6
0.0,0.0,0.0,0.0,0.0,0.0,0.0,"","2013-12-26 00:00",0.0,0.0,0.0,0.0,0.0,0.0,0.0,0.0,0.0,73.1
0.0,0.0,0.0,0.0,0.0,0.0,0.0,"","2013-12-25 00:00",0.0,0.0,0.0,0.0,0.0,0.0,0.0,0.0,0.0,72.6
0.0,0.0,0.0,0.0,0.0,0.0,0.0,"","2013-12-24 00:00",0.0,0.0,0.0,0.0,0.0,0.0,0.0,0.0,0.0,72.6
0.0,0.0,0.0,0.0,0.0,0.0,0.0,"","2013-12-18 00:00",0.0,0.0,0.0,0.0,0.0,0.0,0.0,0.0,0.0,72.3
0.0,0.0,0.0,0.0,0.0,0.0,0.0,"","2013-12-17 00:00",0.0,0.0,0.0,0.0,0.0,0.0,0.0,0.0,0.0,71.3
0.0,0.0,0.0,0.0,0.0,0.0,0.0,"","2013-12-16 00:00",0.0,0.0,0.0,0.0,0.0,0.0,0.0,0.0,0.0,73.1
0.0,0.0,0.0,0.0,0.0,0.0,0.0,"","2013-12-15 00:00",0.0,0.0,0.0,0.0,0.0,0.0,0.0,0.0,0.0,72.8
0.0,0.0,0.0,0.0,0.0,0.0,0.0,"","2013-12-13 00:00",0.0,0.0,0.0,0.0,0.0,0.0,0.0,0.0,0.0,72.3
0.0,0.0,0.0,0.0,0.0,0.0,0.0,"","2013-12-12 00:00",0.0,0.0,0.0,0.0,0.0,0.0,0.0,0.0,0.0,71.8
0.0,0.0,0.0,0.0,0.0,0.0,0.0,"","2013-12-09 00:00",0.0,0.0,0.0,0.0,0.0,0.0,0.0,0.0,0.0,72.5
0.0,0.0,0.0,0.0,0.0,0.0,0.0,"","2013-12-08 00:00",0.0,0.0,0.0,0.0,0.0,0.0,0.0,0.0,0.0,73.7
0.0,0.0,0.0,0.0,0.0,0.0,0.0,"","2013-12-06 00:00",0.0,0.0,0.0,0.0,0.0,0.0,0.0,0.0,0.0,73.2
0.0,0.0,0.0,0.0,0.0,0.0,0.0,"","2013-12-05 00:00",0.0,0.0,0.0,0.0,0.0,0.0,0.0,0.0,0.0,73.2
0.0,0.0,0.0,0.0,0.0,0.0,0.0,"","2013-12-03 00:00",0.0,0.0,0.0,0.0,0.0,0.0,0.0,0.0,0.0,71.5
0.0,0.0,0.0,0.0,0.0,0.0,0.0,"","2013-12-02 00:00",0.0,0.0,0.0,0.0,0.0,0.0,0.0,0.0,0.0,72.5
0.0,0.0,0.0,0.0,0.0,0.0,0.0,"","2013-12-01 00:00",0.0,0.0,0.0,0.0,0.0,0.0,0.0,0.0,0.0,71.5
0.0,0.0,0.0,0.0,0.0,0.0,0.0,"","2013-11-30 00:00",0.0,0.0,0.0,0.0,0.0,0.0,0.0,0.0,0.0,73.3
0.0,0.0,0.0,0.0,0.0,0.0,0.0,"","2013-11-29 00:00",0.0,0.0,0.0,0.0,0.0,0.0,0.0,0.0,0.0,73.3
0.0,0.0,0.0,0.0,0.0,0.0,0.0,"","2013-11-28 00:00",0.0,0.0,0.0,0.0,0.0,0.0,0.0,0.0,0.0,72.3
0.0,0.0,0.0,0.0,0.0,0.0,0.0,"","2013-11-27 00:00",0.0,0.0,0.0,0.0,0.0,0.0,0.0,0.0,0.0,72.6
0.0,0.0,0.0,0.0,0.0,0.0,0.0,"","2013-11-25 00:00",0.0,0.0,0.0,0.0,0.0,0.0,0.0,0.0,0.0,73.4
0.0,0.0,0.0,0.0,0.0,0.0,0.0,"","2013-11-23 00:00",0.0,0.0,0.0,0.0,0.0,0.0,0.0,0.0,0.0,72.8
0.0,0.0,0.0,0.0,0.0,0.0,0.0,"","2013-11-22 00:00",0.0,0.0,0.0,0.0,0.0,0.0,0.0,0.0,0.0,72.8
0.0,0.0,0.0,0.0,0.0,0.0,0.0,"","2013-11-21 00:00",0.0,0.0,0.0,0.0,0.0,0.0,0.0,0.0,0.0,72.2
0.0,0.0,0.0,0.0,0.0,0.0,0.0,"","2013-11-19 00:00",0.0,0.0,0.0,0.0,0.0,0.0,0.0,0.0,0.0,72.5
0.0,0.0,0.0,0.0,0.0,0.0,0.0,"","2013-11-18 00:00",0.0,0.0,0.0,0.0,0.0,0.0,0.0,0.0,0.0,74.2
0.0,0.0,0.0,0.0,0.0,0.0,0.0,"","2013-11-15 00:00",0.0,0.0,0.0,0.0,0.0,0.0,0.0,0.0,0.0,74.3
0.0,0.0,0.0,0.0,0.0,0.0,0.0,"","2013-11-14 00:00",0.0,0.0,0.0,0.0,0.0,0.0,0.0,0.0,0.0,73.8
0.0,0.0,0.0,0.0,0.0,0.0,0.0,"","2013-11-13 00:00",0.0,0.0,0.0,0.0,0.0,0.0,0.0,0.0,0.0,73.8
0.0,0.0,0.0,0.0,0.0,0.0,0.0,"","2013-11-12 00:00",0.0,0.0,0.0,0.0,0.0,0.0,0.0,0.0,0.0,73.2
0.0,0.0,0.0,0.0,0.0,0.0,0.0,"","2013-11-11 00:00",0.0,0.0,0.0,0.0,0.0,0.0,0.0,0.0,0.0,73.2
0.0,0.0,0.0,0.0,0.0,0.0,0.0,"","2013-11-08 00:00",0.0,0.0,0.0,0.0,0.0,0.0,0.0,0.0,0.0,74.4
0.0,0.0,0.0,0.0,0.0,0.0,0.0,"","2013-11-06 00:00",0.0,0.0,0.0,0.0,0.0,0.0,0.0,0.0,0.0,74.1
0.0,0.0,0.0,0.0,0.0,0.0,0.0,"","2013-11-05 00:00",0.0,0.0,0.0,0.0,0.0,0.0,0.0,0.0,0.0,73.1
0.0,0.0,0.0,0.0,0.0,0.0,0.0,"","2013-11-04 00:00",0.0,0.0,0.0,0.0,0.0,0.0,0.0,0.0,0.0,73.1
0.0,0.0,0.0,0.0,0.0,0.0,0.0,"","2013-11-03 00:00",0.0,0.0,0.0,0.0,0.0,0.0,0.0,0.0,0.0,73.4
0.0,0.0,0.0,0.0,0.0,0.0,0.0,"","2013-11-02 00:00",0.0,0.0,0.0,0.0,0.0,0.0,0.0,0.0,0.0,74.1
0.0,0.0,0.0,0.0,0.0,0.0,0.0,"","2013-11-01 00:00",0.0,0.0,0.0,0.0,0.0,0.0,0.0,0.0,0.0,73.6
0.0,0.0,0.0,0.0,0.0,0.0,0.0,"","2013-10-30 00:00",0.0,0.0,0.0,0.0,0.0,0.0,0.0,0.0,0.0,74.7
0.0,0.0,0.0,0.0,0.0,0.0,0.0,"","2013-10-28 00:00",0.0,0.0,0.0,0.0,0.0,0.0,0.0,0.0,0.0,74.7
0.0,0.0,0.0,0.0,0.0,0.0,0.0,"","2013-10-27 00:00",0.0,0.0,0.0,0.0,0.0,0.0,0.0,0.0,0.0,75.2
0.0,0.0,0.0,0.0,0.0,0.0,0.0,"","2013-10-26 00:00",0.0,0.0,0.0,0.0,0.0,0.0,0.0,0.0,0.0,74.7
0.0,0.0,0.0,0.0,0.0,0.0,0.0,"","2013-10-25 00:00",0.0,0.0,0.0,0.0,0.0,0.0,0.0,0.0,0.0,74.7
0.0,0.0,0.0,0.0,0.0,0.0,0.0,"","2013-10-24 00:00",0.0,0.0,0.0,0.0,0.0,0.0,0.0,0.0,0.0,74.3
0.0,0.0,0.0,0.0,0.0,0.0,0.0,"","2013-10-23 00:00",0.0,0.0,0.0,0.0,0.0,0.0,0.0,0.0,0.0,75.0
0.0,0.0,0.0,0.0,0.0,0.0,0.0,"","2013-10-22 00:00",0.0,0.0,0.0,0.0,0.0,0.0,0.0,0.0,0.0,74.5
0.0,0.0,0.0,0.0,0.0,0.0,0.0,"","2013-10-21 00:00",0.0,0.0,0.0,0.0,0.0,0.0,0.0,0.0,0.0,74.9
0.0,0.0,0.0,0.0,0.0,0.0,0.0,"","2013-10-19 00:00",0.0,0.0,0.0,0.0,0.0,0.0,0.0,0.0,0.0,75.2
0.0,0.0,0.0,0.0,0.0,0.0,0.0,"","2013-10-18 00:00",0.0,0.0,0.0,0.0,0.0,0.0,0.0,0.0,0.0,75.7
0.0,0.0,0.0,0.0,0.0,0.0,0.0,"","2013-10-16 00:00",0.0,0.0,0.0,0.0,0.0,0.0,0.0,0.0,0.0,74.5
0.0,0.0,0.0,0.0,0.0,0.0,0.0,"","2013-10-15 00:00",0.0,0.0,0.0,0.0,0.0,0.0,0.0,0.0,0.0,75.3
0.0,0.0,0.0,0.0,0.0,0.0,0.0,"","2013-10-11 00:00",0.0,0.0,0.0,0.0,0.0,0.0,0.0,0.0,0.0,75.3
0.0,0.0,0.0,0.0,0.0,0.0,0.0,"","2013-10-10 00:00",0.0,0.0,0.0,0.0,0.0,0.0,0.0,0.0,0.0,75.8
0.0,0.0,0.0,0.0,0.0,0.0,0.0,"","2013-10-09 00:00",0.0,0.0,0.0,0.0,0.0,0.0,0.0,0.0,0.0,75.8
0.0,0.0,0.0,0.0,0.0,0.0,0.0,"","2013-10-08 00:00",0.0,0.0,0.0,0.0,0.0,0.0,0.0,0.0,0.0,75.0
0.0,0.0,0.0,0.0,0.0,0.0,0.0,"","2013-10-07 00:00",0.0,0.0,0.0,0.0,0.0,0.0,0.0,0.0,0.0,76.0
0.0,0.0,0.0,0.0,0.0,0.0,0.0,"","2013-10-04 00:00",0.0,0.0,0.0,0.0,0.0,0.0,0.0,0.0,0.0,76.0
0.0,0.0,0.0,0.0,0.0,0.0,0.0,"","2013-10-03 00:00",0.0,0.0,0.0,0.0,0.0,0.0,0.0,0.0,0.0,75.3
0.0,0.0,0.0,0.0,0.0,0.0,0.0,"","2013-10-02 00:00",0.0,0.0,0.0,0.0,0.0,0.0,0.0,0.0,0.0,75.1
0.0,0.0,0.0,0.0,0.0,0.0,0.0,"","2013-10-01 00:00",0.0,0.0,0.0,0.0,0.0,0.0,0.0,0.0,0.0,75.1
0.0,0.0,0.0,0.0,0.0,0.0,0.0,"","2013-09-30 00:00",0.0,0.0,0.0,0.0,0.0,0.0,0.0,0.0,0.0,75.1
0.0,0.0,0.0,0.0,0.0,0.0,0.0,"","2013-09-29 00:00",0.0,0.0,0.0,0.0,0.0,0.0,0.0,0.0,0.0,75.1
0.0,0.0,0.0,0.0,0.0,0.0,0.0,"","2013-09-28 00:00",0.0,0.0,0.0,0.0,0.0,0.0,0.0,0.0,0.0,75.5
0.0,0.0,0.0,0.0,0.0,0.0,0.0,"","2013-09-27 00:00",0.0,0.0,0.0,0.0,0.0,0.0,0.0,0.0,0.0,75.5
0.0,0.0,0.0,0.0,0.0,0.0,0.0,"","2013-09-26 00:00",0.0,0.0,0.0,0.0,0.0,0.0,0.0,0.0,0.0,75.5
0.0,0.0,0.0,0.0,0.0,0.0,0.0,"","2013-09-25 00:00",0.0,0.0,0.0,0.0,0.0,0.0,0.0,0.0,0.0,75.0
0.0,0.0,0.0,0.0,0.0,0.0,0.0,"","2013-09-24 00:00",0.0,0.0,0.0,0.0,0.0,0.0,0.0,0.0,0.0,74.5
0.0,0.0,0.0,0.0,0.0,0.0,0.0,"","2013-09-23 00:00",0.0,0.0,0.0,0.0,0.0,0.0,0.0,0.0,0.0,74.8
0.0,0.0,0.0,0.0,0.0,0.0,0.0,"","2013-09-20 00:00",0.0,0.0,0.0,0.0,0.0,0.0,0.0,0.0,0.0,75.9
0.0,0.0,0.0,0.0,0.0,0.0,0.0,"","2013-09-19 00:00",0.0,0.0,0.0,0.0,0.0,0.0,0.0,0.0,0.0,75.9
0.0,0.0,0.0,0.0,0.0,0.0,0.0,"","2013-09-18 00:00",0.0,0.0,0.0,0.0,0.0,0.0,0.0,0.0,0.0,75.9
0.0,0.0,0.0,0.0,0.0,0.0,0.0,"","2013-09-16 00:00",0.0,0.0,0.0,0.0,0.0,0.0,0.0,0.0,0.0,76.4
0.0,0.0,0.0,0.0,0.0,0.0,0.0,"","2013-09-12 00:00",0.0,0.0,0.0,0.0,0.0,0.0,0.0,0.0,0.0,75.6
0.0,0.0,0.0,0.0,0.0,0.0,0.0,"","2013-09-11 00:00",0.0,0.0,0.0,0.0,0.0,0.0,0.0,0.0,0.0,75.7
0.0,0.0,0.0,0.0,0.0,0.0,0.0,"","2013-09-09 00:00",0.0,0.0,0.0,0.0,0.0,0.0,0.0,0.0,0.0,76.5
0.0,0.0,0.0,0.0,0.0,0.0,0.0,"","2013-09-08 00:00",0.0,0.0,0.0,0.0,0.0,0.0,0.0,0.0,0.0,75.2
0.0,0.0,0.0,0.0,0.0,0.0,0.0,"","2013-09-06 00:00",0.0,0.0,0.0,0.0,0.0,0.0,0.0,0.0,0.0,76.3
0.0,0.0,0.0,0.0,0.0,0.0,0.0,"","2013-09-05 00:00",0.0,0.0,0.0,0.0,0.0,0.0,0.0,0.0,0.0,76.6
0.0,0.0,0.0,0.0,0.0,0.0,0.0,"","2013-09-04 00:00",0.0,0.0,0.0,0.0,0.0,0.0,0.0,0.0,0.0,75.8
0.0,0.0,0.0,0.0,0.0,0.0,0.0,"","2013-09-03 00:00",0.0,0.0,0.0,0.0,0.0,0.0,0.0,0.0,0.0,76.2
0.0,0.0,0.0,0.0,0.0,0.0,0.0,"","2013-09-02 00:00",0.0,0.0,0.0,0.0,0.0,0.0,0.0,0.0,0.0,76.8
0.0,0.0,0.0,0.0,0.0,0.0,0.0,"","2013-08-30 00:00",0.0,0.0,0.0,0.0,0.0,0.0,0.0,0.0,0.0,76.5
0.0,0.0,0.0,0.0,0.0,0.0,0.0,"","2013-08-29 00:00",0.0,0.0,0.0,0.0,0.0,0.0,0.0,0.0,0.0,76.0
0.0,0.0,0.0,0.0,0.0,0.0,0.0,"","2013-08-28 00:00",0.0,0.0,0.0,0.0,0.0,0.0,0.0,0.0,0.0,76.1
0.0,0.0,0.0,0.0,0.0,0.0,0.0,"","2013-08-27 00:00",0.0,0.0,0.0,0.0,0.0,0.0,0.0,0.0,0.0,75.4
0.0,0.0,0.0,0.0,0.0,0.0,0.0,"","2013-08-23 00:00",0.0,0.0,0.0,0.0,0.0,0.0,0.0,0.0,0.0,75.4
0.0,0.0,0.0,0.0,0.0,0.0,0.0,"","2013-08-21 00:00",0.0,0.0,0.0,0.0,0.0,0.0,0.0,0.0,0.0,75.7
0.0,0.0,0.0,0.0,0.0,0.0,0.0,"","2013-08-20 00:00",0.0,0.0,0.0,0.0,0.0,0.0,0.0,0.0,0.0,74.6
0.0,0.0,0.0,0.0,0.0,0.0,0.0,"","2013-08-19 00:00",0.0,0.0,0.0,0.0,0.0,0.0,0.0,0.0,0.0,75.1
0.0,0.0,0.0,0.0,0.0,0.0,0.0,"","2013-08-16 00:00",0.0,0.0,0.0,0.0,0.0,0.0,0.0,0.0,0.0,76.9
0.0,0.0,0.0,0.0,0.0,0.0,0.0,"","2013-08-14 00:00",0.0,0.0,0.0,0.0,0.0,0.0,0.0,0.0,0.0,76.6
0.0,0.0,0.0,0.0,0.0,0.0,0.0,"","2013-08-13 00:00",0.0,0.0,0.0,0.0,0.0,0.0,0.0,0.0,0.0,77.4
0.0,0.0,0.0,0.0,0.0,0.0,0.0,"","2013-08-12 00:00",0.0,0.0,0.0,0.0,0.0,0.0,0.0,0.0,0.0,76.7
0.0,0.0,0.0,0.0,0.0,0.0,0.0,"","2013-08-11 00:00",0.0,0.0,0.0,0.0,0.0,0.0,0.0,0.0,0.0,76.0
0.0,0.0,0.0,0.0,0.0,0.0,0.0,"","2013-08-10 00:00",0.0,0.0,0.0,0.0,0.0,0.0,0.0,0.0,0.0,75.0
0.0,0.0,0.0,0.0,0.0,0.0,0.0,"","2013-08-08 00:00",0.0,0.0,0.0,0.0,0.0,0.0,0.0,0.0,0.0,76.2
0.0,0.0,0.0,0.0,0.0,0.0,0.0,"","2013-08-06 00:00",0.0,0.0,0.0,0.0,0.0,0.0,0.0,0.0,0.0,76.3
0.0,0.0,0.0,0.0,0.0,0.0,0.0,"","2013-08-05 00:00",0.0,0.0,0.0,0.0,0.0,0.0,0.0,0.0,0.0,75.4
0.0,0.0,0.0,0.0,0.0,0.0,0.0,"","2013-08-04 00:00",0.0,0.0,0.0,0.0,0.0,0.0,0.0,0.0,0.0,74.4
0.0,0.0,0.0,0.0,0.0,0.0,0.0,"","2013-08-03 00:00",0.0,0.0,0.0,0.0,0.0,0.0,0.0,0.0,0.0,75.7
0.0,0.0,0.0,0.0,0.0,0.0,0.0,"","2013-08-01 00:00",0.0,0.0,0.0,0.0,0.0,0.0,0.0,0.0,0.0,76.5
0.0,0.0,0.0,0.0,0.0,0.0,0.0,"","2013-07-31 00:00",0.0,0.0,0.0,0.0,0.0,0.0,0.0,0.0,0.0,75.8
0.0,0.0,0.0,0.0,0.0,0.0,0.0,"","2013-07-30 00:00",0.0,0.0,0.0,0.0,0.0,0.0,0.0,0.0,0.0,76.7
0.0,0.0,0.0,0.0,0.0,0.0,0.0,"","2013-07-29 00:00",0.0,0.0,0.0,0.0,0.0,0.0,0.0,0.0,0.0,75.1
0.0,0.0,0.0,0.0,0.0,0.0,0.0,"","2013-07-28 00:00",0.0,0.0,0.0,0.0,0.0,0.0,0.0,0.0,0.0,75.1
0.0,0.0,0.0,0.0,0.0,0.0,0.0,"","2013-07-27 00:00",0.0,0.0,0.0,0.0,0.0,0.0,0.0,0.0,0.0,75.1
0.0,0.0,0.0,0.0,0.0,0.0,0.0,"","2013-07-26 00:00",0.0,0.0,0.0,0.0,0.0,0.0,0.0,0.0,0.0,76.3
0.0,0.0,0.0,0.0,0.0,0.0,0.0,"","2013-07-25 00:00",0.0,0.0,0.0,0.0,0.0,0.0,0.0,0.0,0.0,75.8
0.0,0.0,0.0,0.0,0.0,0.0,0.0,"","2013-07-23 00:00",0.0,0.0,0.0,0.0,0.0,0.0,0.0,0.0,0.0,77.0
0.0,0.0,0.0,0.0,0.0,0.0,0.0,"","2013-07-22 00:00",0.0,0.0,0.0,0.0,0.0,0.0,0.0,0.0,0.0,76.6
0.0,0.0,0.0,0.0,0.0,0.0,0.0,"","2013-07-20 00:00",0.0,0.0,0.0,0.0,0.0,0.0,0.0,0.0,0.0,76.6
0.0,0.0,0.0,0.0,0.0,0.0,0.0,"","2013-07-19 00:00",0.0,0.0,0.0,0.0,0.0,0.0,0.0,0.0,0.0,76.1
0.0,0.0,0.0,0.0,0.0,0.0,0.0,"","2013-07-18 00:00",0.0,0.0,0.0,0.0,0.0,0.0,0.0,0.0,0.0,76.1
0.0,0.0,0.0,0.0,0.0,0.0,0.0,"","2013-07-17 00:00",0.0,0.0,0.0,0.0,0.0,0.0,0.0,0.0,0.0,76.6
0.0,0.0,0.0,0.0,0.0,0.0,0.0,"","2013-07-14 00:00",0.0,0.0,0.0,0.0,0.0,0.0,0.0,0.0,0.0,75.9
0.0,0.0,0.0,0.0,0.0,0.0,0.0,"","2013-07-13 00:00",0.0,0.0,0.0,0.0,0.0,0.0,0.0,0.0,0.0,75.9
0.0,0.0,0.0,0.0,0.0,0.0,0.0,"","2013-07-11 00:00",0.0,0.0,0.0,0.0,0.0,0.0,0.0,0.0,0.0,75.8
0.0,0.0,0.0,0.0,0.0,0.0,0.0,"","2013-07-09 00:00",0.0,0.0,0.0,0.0,0.0,0.0,0.0,0.0,0.0,77.6
0.0,0.0,0.0,0.0,0.0,0.0,0.0,"","2013-07-08 00:00",0.0,0.0,0.0,0.0,0.0,0.0,0.0,0.0,0.0,76.3
0.0,0.0,0.0,0.0,0.0,0.0,0.0,"","2013-07-07 00:00",0.0,0.0,0.0,0.0,0.0,0.0,0.0,0.0,0.0,76.7
0.0,0.0,0.0,0.0,0.0,0.0,0.0,"","2013-07-05 00:00",0.0,0.0,0.0,0.0,0.0,0.0,0.0,0.0,0.0,77.1
0.0,0.0,0.0,0.0,0.0,0.0,0.0,"","2013-07-04 00:00",0.0,0.0,0.0,0.0,0.0,0.0,0.0,0.0,0.0,76.6
0.0,0.0,0.0,0.0,0.0,0.0,0.0,"","2013-07-03 00:00",0.0,0.0,0.0,0.0,0.0,0.0,0.0,0.0,0.0,77.3
0.0,0.0,0.0,0.0,0.0,0.0,0.0,"","2013-07-01 00:00",0.0,0.0,0.0,0.0,0.0,0.0,0.0,0.0,0.0,77.1
0.0,0.0,0.0,0.0,0.0,0.0,0.0,"","2013-06-30 00:00",0.0,0.0,0.0,0.0,0.0,0.0,0.0,0.0,0.0,75.8
0.0,0.0,0.0,0.0,0.0,0.0,0.0,"","2013-06-27 00:00",0.0,0.0,0.0,0.0,0.0,0.0,0.0,0.0,0.0,75.8
0.0,0.0,0.0,0.0,0.0,0.0,0.0,"","2013-06-26 00:00",0.0,0.0,0.0,0.0,0.0,0.0,0.0,0.0,0.0,74.8
0.0,0.0,0.0,0.0,0.0,0.0,0.0,"","2013-06-25 00:00",0.0,0.0,0.0,0.0,0.0,0.0,0.0,0.0,0.0,75.5
0.0,0.0,0.0,0.0,0.0,0.0,0.0,"","2013-06-24 00:00",0.0,0.0,0.0,0.0,0.0,0.0,0.0,0.0,0.0,75.5
0.0,0.0,0.0,0.0,0.0,0.0,0.0,"","2013-06-21 00:00",0.0,0.0,0.0,0.0,0.0,0.0,0.0,0.0,0.0,74.4
0.0,0.0,0.0,0.0,0.0,0.0,0.0,"","2013-06-20 00:00",0.0,0.0,0.0,0.0,0.0,0.0,0.0,0.0,0.0,74.0
0.0,0.0,0.0,0.0,0.0,0.0,0.0,"","2013-06-19 00:00",0.0,0.0,0.0,0.0,0.0,0.0,0.0,0.0,0.0,74.5
0.0,0.0,0.0,0.0,0.0,0.0,0.0,"","2013-06-17 00:00",0.0,0.0,0.0,0.0,0.0,0.0,0.0,0.0,0.0,74.5
0.0,0.0,0.0,0.0,0.0,0.0,0.0,"","2013-06-14 00:00",0.0,0.0,0.0,0.0,0.0,0.0,0.0,0.0,0.0,75.5
0.0,0.0,0.0,0.0,0.0,0.0,0.0,"","2013-06-13 00:00",0.0,0.0,0.0,0.0,0.0,0.0,0.0,0.0,0.0,75.0
0.0,0.0,0.0,0.0,0.0,0.0,0.0,"","2013-06-12 00:00",0.0,0.0,0.0,0.0,0.0,0.0,0.0,0.0,0.0,75.0
0.0,0.0,0.0,0.0,0.0,0.0,0.0,"","2013-06-11 00:00",0.0,0.0,0.0,0.0,0.0,0.0,0.0,0.0,0.0,75.0
0.0,0.0,0.0,0.0,0.0,0.0,0.0,"","2013-06-09 00:00",0.0,0.0,0.0,0.0,0.0,0.0,0.0,0.0,0.0,74.7
0.0,0.0,0.0,0.0,0.0,0.0,0.0,"","2013-06-08 00:00",0.0,0.0,0.0,0.0,0.0,0.0,0.0,0.0,0.0,74.0
0.0,0.0,0.0,0.0,0.0,0.0,0.0,"","2013-06-07 00:00",0.0,0.0,0.0,0.0,0.0,0.0,0.0,0.0,0.0,74.0
0.0,0.0,0.0,0.0,0.0,0.0,0.0,"","2013-06-06 00:00",0.0,0.0,0.0,0.0,0.0,0.0,0.0,0.0,0.0,74.3
0.0,0.0,0.0,0.0,0.0,0.0,0.0,"","2013-06-05 00:00",0.0,0.0,0.0,0.0,0.0,0.0,0.0,0.0,0.0,72.9
0.0,0.0,0.0,0.0,0.0,0.0,0.0,"","2013-06-04 00:00",0.0,0.0,0.0,0.0,0.0,0.0,0.0,0.0,0.0,72.9
0.0,0.0,0.0,0.0,0.0,0.0,0.0,"","2013-06-03 00:00",0.0,0.0,0.0,0.0,0.0,0.0,0.0,0.0,0.0,72.9
0.0,0.0,0.0,0.0,0.0,0.0,0.0,"","2013-05-31 00:00",0.0,0.0,0.0,0.0,0.0,0.0,0.0,0.0,0.0,73.9
0.0,0.0,0.0,0.0,0.0,0.0,0.0,"","2013-05-30 00:00",0.0,0.0,0.0,0.0,0.0,0.0,0.0,0.0,0.0,73.9
0.0,0.0,0.0,0.0,0.0,0.0,0.0,"","2013-05-28 00:00",0.0,0.0,0.0,0.0,0.0,0.0,0.0,0.0,0.0,72.9
0.0,0.0,0.0,0.0,0.0,0.0,0.0,"","2013-05-26 00:00",0.0,0.0,0.0,0.0,0.0,0.0,0.0,0.0,0.0,72.0
0.0,0.0,0.0,0.0,0.0,0.0,0.0,"","2013-05-24 00:00",0.0,0.0,0.0,0.0,0.0,0.0,0.0,0.0,0.0,72.0
0.0,0.0,0.0,0.0,0.0,0.0,0.0,"","2013-05-23 00:00",0.0,0.0,0.0,0.0,0.0,0.0,0.0,0.0,0.0,72.6
0.0,0.0,0.0,0.0,0.0,0.0,0.0,"","2013-05-21 00:00",0.0,0.0,0.0,0.0,0.0,0.0,0.0,0.0,0.0,71.8
0.0,0.0,0.0,0.0,0.0,0.0,0.0,"","2013-05-20 00:00",0.0,0.0,0.0,0.0,0.0,0.0,0.0,0.0,0.0,71.8
0.0,0.0,0.0,0.0,0.0,0.0,0.0,"","2013-05-19 00:00",0.0,0.0,0.0,0.0,0.0,0.0,0.0,0.0,0.0,69.9
0.0,0.0,0.0,0.0,0.0,0.0,0.0,"","2013-05-18 00:00",0.0,0.0,0.0,0.0,0.0,0.0,0.0,0.0,0.0,70.7
0.0,0.0,0.0,0.0,0.0,0.0,0.0,"","2013-05-17 00:00",0.0,0.0,0.0,0.0,0.0,0.0,0.0,0.0,0.0,71.5
0.0,0.0,0.0,0.0,0.0,0.0,0.0,"","2013-05-16 00:00",0.0,0.0,0.0,0.0,0.0,0.0,0.0,0.0,0.0,72.1
0.0,0.0,0.0,0.0,0.0,0.0,0.0,"","2013-05-15 00:00",0.0,0.0,0.0,0.0,0.0,0.0,0.0,0.0,0.0,73.1
0.0,0.0,0.0,0.0,0.0,0.0,0.0,"","2013-05-14 00:00",0.0,0.0,0.0,0.0,0.0,0.0,0.0,0.0,0.0,72.3
0.0,0.0,0.0,0.0,0.0,0.0,0.0,"","2013-05-13 00:00",0.0,0.0,0.0,0.0,0.0,0.0,0.0,0.0,0.0,70.5
0.0,0.0,0.0,0.0,0.0,0.0,0.0,"","2013-05-12 00:00",0.0,0.0,0.0,0.0,0.0,0.0,0.0,0.0,0.0,68.7
0.0,0.0,0.0,0.0,0.0,0.0,0.0,"","2013-05-11 00:00",0.0,0.0,0.0,0.0,0.0,0.0,0.0,0.0,0.0,69.9
0.0,0.0,0.0,0.0,0.0,0.0,0.0,"","2013-05-10 00:00",0.0,0.0,0.0,0.0,0.0,0.0,0.0,0.0,0.0,70.2
0.0,0.0,0.0,0.0,0.0,0.0,0.0,"","2013-05-09 00:00",0.0,0.0,0.0,0.0,0.0,0.0,0.0,0.0,0.0,70.2
0.0,0.0,0.0,0.0,0.0,0.0,0.0,"","2013-05-08 00:00",0.0,0.0,0.0,0.0,0.0,0.0,0.0,0.0,0.0,71.0
0.0,0.0,0.0,0.0,0.0,0.0,0.0,"","2013-05-07 00:00",0.0,0.0,0.0,0.0,0.0,0.0,0.0,0.0,0.0,70.3
0.0,0.0,0.0,0.0,0.0,0.0,0.0,"","2013-05-06 00:00",0.0,0.0,0.0,0.0,0.0,0.0,0.0,0.0,0.0,70.7
0.0,0.0,0.0,0.0,0.0,0.0,0.0,"","2013-05-05 00:00",0.0,0.0,0.0,0.0,0.0,0.0,0.0,0.0,0.0,71.3
0.0,0.0,0.0,0.0,0.0,0.0,0.0,"","2013-05-04 00:00",0.0,0.0,0.0,0.0,0.0,0.0,0.0,0.0,0.0,72.0
0.0,0.0,0.0,0.0,0.0,0.0,0.0,"","2013-05-03 00:00",0.0,0.0,0.0,0.0,0.0,0.0,0.0,0.0,0.0,71.0
0.0,0.0,0.0,0.0,0.0,0.0,0.0,"","2013-04-16 00:00",0.0,0.0,0.0,0.0,0.0,0.0,0.0,0.0,0.0,74.5
0.0,0.0,0.0,0.0,0.0,0.0,0.0,"","2013-04-15 00:00",0.0,0.0,0.0,0.0,0.0,0.0,0.0,0.0,0.0,74.5
0.0,0.0,0.0,0.0,0.0,0.0,0.0,"","2013-04-14 00:00",0.0,0.0,0.0,0.0,0.0,0.0,0.0,0.0,0.0,75.0
0.0,0.0,0.0,0.0,0.0,0.0,0.0,"","2013-04-13 00:00",0.0,0.0,0.0,0.0,0.0,0.0,0.0,0.0,0.0,74.1
0.0,0.0,0.0,0.0,0.0,0.0,0.0,"","2013-04-07 00:00",0.0,0.0,0.0,0.0,0.0,0.0,0.0,0.0,0.0,75.0
0.0,0.0,0.0,0.0,0.0,0.0,0.0,"","2013-04-05 00:00",0.0,0.0,0.0,0.0,0.0,0.0,0.0,0.0,0.0,74.4
0.0,0.0,0.0,0.0,0.0,0.0,0.0,"","2013-04-04 00:00",0.0,0.0,0.0,0.0,0.0,0.0,0.0,0.0,0.0,73.0
0.0,0.0,0.0,0.0,0.0,0.0,0.0,"","2013-04-03 00:00",0.0,0.0,0.0,0.0,0.0,0.0,0.0,0.0,0.0,74.0
0.0,0.0,0.0,0.0,0.0,0.0,0.0,"","2013-04-02 00:00",0.0,0.0,0.0,0.0,0.0,0.0,0.0,0.0,0.0,74.0
0.0,0.0,0.0,0.0,0.0,0.0,0.0,"","2013-04-01 00:00",0.0,0.0,0.0,0.0,0.0,0.0,0.0,0.0,0.0,75.1
0.0,0.0,0.0,0.0,0.0,0.0,0.0,"","2013-03-31 00:00",0.0,0.0,0.0,0.0,0.0,0.0,0.0,0.0,0.0,74.8
0.0,0.0,0.0,0.0,0.0,0.0,0.0,"","2013-03-30 00:00",0.0,0.0,0.0,0.0,0.0,0.0,0.0,0.0,0.0,73.5
0.0,0.0,0.0,0.0,0.0,0.0,0.0,"","2013-03-28 00:00",0.0,0.0,0.0,0.0,0.0,0.0,0.0,0.0,0.0,74.5
0.0,0.0,0.0,0.0,0.0,0.0,0.0,"","2013-03-26 00:00",0.0,0.0,0.0,0.0,0.0,0.0,0.0,0.0,0.0,74.5
0.0,0.0,0.0,0.0,0.0,0.0,0.0,"","2013-03-25 00:00",0.0,0.0,0.0,0.0,0.0,0.0,0.0,0.0,0.0,75.3
0.0,0.0,0.0,0.0,0.0,0.0,0.0,"","2013-03-22 00:00",0.0,0.0,0.0,0.0,0.0,0.0,0.0,0.0,0.0,73.8
0.0,0.0,0.0,0.0,0.0,0.0,0.0,"","2013-03-21 00:00",0.0,0.0,0.0,0.0,0.0,0.0,0.0,0.0,0.0,74.8
0.0,0.0,0.0,0.0,0.0,0.0,0.0,"","2013-03-20 00:00",0.0,0.0,0.0,0.0,0.0,0.0,0.0,0.0,0.0,74.8
0.0,0.0,0.0,0.0,0.0,0.0,0.0,"","2013-03-19 00:00",0.0,0.0,0.0,0.0,0.0,0.0,0.0,0.0,0.0,76.3
0.0,0.0,0.0,0.0,0.0,0.0,0.0,"","2013-03-17 00:00",0.0,0.0,0.0,0.0,0.0,0.0,0.0,0.0,0.0,74.9
0.0,0.0,0.0,0.0,0.0,0.0,0.0,"","2013-03-16 00:00",0.0,0.0,0.0,0.0,0.0,0.0,0.0,0.0,0.0,74.9
0.0,0.0,0.0,0.0,0.0,0.0,0.0,"","2013-03-15 00:00",0.0,0.0,0.0,0.0,0.0,0.0,0.0,0.0,0.0,73.7
0.0,0.0,0.0,0.0,0.0,0.0,0.0,"","2013-03-14 00:00",0.0,0.0,0.0,0.0,0.0,0.0,0.0,0.0,0.0,74.6
0.0,0.0,0.0,0.0,0.0,0.0,0.0,"","2013-03-13 00:00",0.0,0.0,0.0,0.0,0.0,0.0,0.0,0.0,0.0,74.6
0.0,0.0,0.0,0.0,0.0,0.0,0.0,"","2013-03-12 00:00",0.0,0.0,0.0,0.0,0.0,0.0,0.0,0.0,0.0,75.3
0.0,0.0,0.0,0.0,0.0,0.0,0.0,"","2013-03-11 00:00",0.0,0.0,0.0,0.0,0.0,0.0,0.0,0.0,0.0,75.7
0.0,0.0,0.0,0.0,0.0,0.0,0.0,"","2013-03-10 00:00",0.0,0.0,0.0,0.0,0.0,0.0,0.0,0.0,0.0,76.1
0.0,0.0,0.0,0.0,0.0,0.0,0.0,"","2013-03-08 00:00",0.0,0.0,0.0,0.0,0.0,0.0,0.0,0.0,0.0,75.0
0.0,0.0,0.0,0.0,0.0,0.0,0.0,"","2013-03-05 00:00",0.0,0.0,0.0,0.0,0.0,0.0,0.0,0.0,0.0,76.1
0.0,0.0,0.0,0.0,0.0,0.0,0.0,"","2013-03-04 00:00",0.0,0.0,0.0,0.0,0.0,0.0,0.0,0.0,0.0,75.1
0.0,0.0,0.0,0.0,0.0,0.0,0.0,"","2013-03-01 00:00",0.0,0.0,0.0,0.0,0.0,0.0,0.0,0.0,0.0,76.0
0.0,0.0,0.0,0.0,0.0,0.0,0.0,"","2013-02-28 00:00",0.0,0.0,0.0,0.0,0.0,0.0,0.0,0.0,0.0,74.8
0.0,0.0,0.0,0.0,0.0,0.0,0.0,"","2013-02-27 00:00",0.0,0.0,0.0,0.0,0.0,0.0,0.0,0.0,0.0,75.4
0.0,0.0,0.0,0.0,0.0,0.0,0.0,"","2013-02-26 00:00",0.0,0.0,0.0,0.0,0.0,0.0,0.0,0.0,0.0,75.4
0.0,0.0,0.0,0.0,0.0,0.0,0.0,"","2013-02-25 00:00",0.0,0.0,0.0,0.0,0.0,0.0,0.0,0.0,0.0,74.7
0.0,0.0,0.0,0.0,0.0,0.0,0.0,"","2013-02-24 00:00",0.0,0.0,0.0,0.0,0.0,0.0,0.0,0.0,0.0,75.7
0.0,0.0,0.0,0.0,0.0,0.0,0.0,"","2013-02-22 00:00",0.0,0.0,0.0,0.0,0.0,0.0,0.0,0.0,0.0,75.3
0.0,0.0,0.0,0.0,0.0,0.0,0.0,"","2013-02-21 00:00",0.0,0.0,0.0,0.0,0.0,0.0,0.0,0.0,0.0,76.1
